#include <common.h>

// TIM extracted from SAVEMENU. Should be handled as an asset instead.
u8 D_801D4EDC[0xA000] = {
    0x10, 0x00, 0x00, 0x00, 0x09, 0x00, 0x00, 0x00, 0x0C, 0x02, 0x00, 0x00, 0x00, 0x00, 0xE0, 0x01, 0x00, 0x01, 0x01,
    0x00, 0xFF, 0x7F, 0x21, 0x04, 0xA5, 0x14, 0x6B, 0x2D, 0xF7, 0x5E, 0x19, 0x63, 0xE9, 0x1C, 0x2C, 0x25, 0x64, 0x0C,
    0xA7, 0x14, 0x4E, 0x29, 0x2F, 0x25, 0x52, 0x29, 0xED, 0x1C, 0xCC, 0x18, 0x11, 0x21, 0x97, 0x2D, 0x76, 0x29, 0x54,
    0x25, 0x33, 0x21, 0xF1, 0x18, 0x12, 0x1D, 0xFB, 0x35, 0x77, 0x25, 0x1B, 0x3A, 0x97, 0x29, 0x96, 0x29, 0x11, 0x19,
    0xF0, 0x14, 0xDB, 0x2D, 0xB9, 0x29, 0x10, 0x19, 0x98, 0x25, 0x0E, 0x19, 0x32, 0x19, 0xEC, 0x14, 0x30, 0x19, 0xCA,
    0x10, 0xB3, 0x29, 0x96, 0x4E, 0x0C, 0x15, 0x74, 0x4A, 0x6D, 0x25, 0x1A, 0x5B, 0xC7, 0x14, 0x2B, 0x1D, 0x96, 0x46,
    0x12, 0x36, 0xAF, 0x29, 0x6C, 0x25, 0xE8, 0x14, 0x4B, 0x21, 0x33, 0x36, 0x12, 0x32, 0xF1, 0x2D, 0x55, 0x32, 0x2A,
    0x1D, 0x09, 0x19, 0xBF, 0x63, 0x7D, 0x5B, 0x1A, 0x4F, 0xF9, 0x4A, 0xD8, 0x46, 0xB7, 0x42, 0x96, 0x3E, 0xF8, 0x52,
    0xAE, 0x29, 0x3B, 0x4F, 0x8D, 0x25, 0x09, 0x15, 0xF0, 0x2D, 0x19, 0x53, 0xB6, 0x46, 0xF8, 0x4A, 0x53, 0x3A, 0x32,
    0x36, 0x11, 0x32, 0x74, 0x3A, 0xCF, 0x29, 0x8D, 0x21, 0xDF, 0x67, 0x95, 0x3E, 0x53, 0x36, 0x9C, 0x6B, 0xFF, 0x73,
    0x29, 0x21, 0x94, 0x46, 0x52, 0x3E, 0x31, 0x3A, 0xA5, 0x10, 0x4A, 0x21, 0xEF, 0x31, 0xCE, 0x2D, 0xAD, 0x29, 0x08,
    0x19, 0x84, 0x0C, 0xE7, 0x14, 0x4A, 0x1D, 0x39, 0x47, 0xC6, 0x10, 0x63, 0x08, 0x29, 0x19, 0x42, 0x04, 0xEE, 0x31,
    0x28, 0x1D, 0xF6, 0x56, 0xCD, 0x31, 0x49, 0x21, 0x0F, 0x3A, 0x8B, 0x29, 0x93, 0x4E, 0xCD, 0x35, 0x0F, 0x3E, 0xAC,
    0x31, 0x8B, 0x2D, 0x49, 0x25, 0x28, 0x21, 0x07, 0x1D, 0xAB, 0x2D, 0xA4, 0x10, 0x83, 0x0C, 0x62, 0x08, 0x82, 0x08,
    0x06, 0x1D, 0x82, 0x0C, 0xD4, 0x56, 0x71, 0x4A, 0xED, 0x39, 0x69, 0x29, 0x48, 0x25, 0xC4, 0x14, 0x2F, 0x42, 0xAB,
    0x31, 0x15, 0x5F, 0xEC, 0x39, 0x68, 0x29, 0xEB, 0x39, 0xCA, 0x35, 0xA9, 0x31, 0x67, 0x29, 0x46, 0x25, 0xDD, 0x7B,
    0x38, 0x67, 0xF6, 0x5E, 0x17, 0x63, 0x72, 0x4E, 0x93, 0x52, 0xFD, 0x7F, 0x79, 0x6F, 0xF5, 0x5E, 0x16, 0x63, 0x37,
    0x67, 0xD4, 0x5A, 0xFC, 0x7F, 0xB3, 0x56, 0x92, 0x52, 0x50, 0x4A, 0x36, 0x67, 0x0E, 0x42, 0xED, 0x3D, 0x07, 0x21,
    0xCC, 0x39, 0xB2, 0x56, 0x70, 0x4E, 0xC5, 0x18, 0x4F, 0x4A, 0xF3, 0x5E, 0x2E, 0x46, 0x90, 0x52, 0x6F, 0x4E, 0xCB,
    0x39, 0xAA, 0x35, 0x2D, 0x46, 0x89, 0x31, 0x0C, 0x42, 0x06, 0x21, 0x68, 0x2D, 0xEB, 0x3D, 0x83, 0x10, 0xE5, 0x1C,
    0x47, 0x29, 0xC4, 0x18, 0x62, 0x0C, 0x26, 0x25, 0x05, 0x21, 0xA3, 0x14, 0xE4, 0x1C, 0x41, 0x08, 0x20, 0x04, 0xD8,
    0x7F, 0xD7, 0x7F, 0x55, 0x6F, 0xDA, 0x7F, 0xB9, 0x7B, 0x35, 0x6B, 0x14, 0x67, 0xD2, 0x5E, 0xB1, 0x5A, 0x4E, 0x4E,
    0xCA, 0x3D, 0xA9, 0x39, 0xF3, 0x62, 0x6F, 0x52, 0xDB, 0x7F, 0x57, 0x6F, 0x36, 0x6B, 0x15, 0x67, 0x91, 0x56, 0x2E,
    0x4A, 0xB7, 0x7F, 0x54, 0x73, 0xAF, 0x5E, 0x47, 0x2D, 0x8E, 0x5A, 0x78, 0x73, 0xF4, 0x62, 0x97, 0x7B, 0x8F, 0x5A,
    0xF2, 0x66, 0x9A, 0x77, 0x98, 0x7B, 0x96, 0x7F, 0x2D, 0x4E, 0x0C, 0x4A, 0x12, 0x6F, 0x58, 0x6F, 0x77, 0x77, 0x56,
    0x73, 0x75, 0x7B, 0x4E, 0x52, 0x54, 0x77, 0x33, 0x73, 0xF1, 0x6A, 0xEB, 0x45, 0xE5, 0x20, 0x36, 0x6F, 0x76, 0x7B,
    0xD1, 0x66, 0xB0, 0x62, 0x89, 0x39, 0x6E, 0x5A, 0x75, 0x7F, 0x68, 0x35, 0x9B, 0x77, 0x27, 0x2D, 0x38, 0x6B, 0x79,
    0x77, 0x48, 0x31, 0x41, 0x0C, 0x72, 0x52, 0x9C, 0x77, 0x39, 0x6B, 0x21, 0x08, 0x00, 0x04, 0x11, 0x25, 0x00, 0x80,
    0xF0, 0x57, 0x00, 0x00, 0x00, 0x00, 0x00, 0x00, 0x4B, 0x00, 0x96, 0x00, 0xFF, 0xFF, 0xFF, 0xFF, 0xFF, 0xFF, 0xFF,
    0xFF, 0xFF, 0xFF, 0xFF, 0xFF, 0xFF, 0xFF, 0xFF, 0xFF, 0xFF, 0xFF, 0xFF, 0xFF, 0xFF, 0xFF, 0xFF, 0xFF, 0xFF, 0xFF,
    0xFF, 0xFF, 0xFF, 0xFF, 0xFF, 0xFF, 0xFF, 0xFF, 0xFF, 0xFF, 0xFF, 0xFF, 0xFF, 0xFF, 0xFF, 0xFF, 0xFF, 0xFF, 0xFF,
    0xFF, 0xFF, 0xFF, 0xFF, 0xFF, 0xFF, 0xFF, 0xFF, 0xFF, 0xFF, 0xFF, 0xFF, 0xFF, 0xFF, 0xFF, 0xFF, 0xFF, 0xFF, 0xFF,
    0xFF, 0xFF, 0xFF, 0xFF, 0xFF, 0xFF, 0xFF, 0xFF, 0xFF, 0xFF, 0xFF, 0xFF, 0xFF, 0xFF, 0xFF, 0xFF, 0xFF, 0xFF, 0xFF,
    0xFF, 0xFF, 0xFF, 0xFF, 0xFF, 0xFF, 0xFF, 0xFF, 0xFF, 0xFF, 0xFF, 0xFF, 0xFF, 0xFF, 0xFF, 0xFF, 0xFF, 0xFF, 0xFF,
    0xFF, 0xFF, 0xFF, 0xFF, 0xFF, 0xFF, 0xFF, 0xFF, 0xFF, 0xFF, 0xFF, 0xFF, 0xFF, 0xFF, 0xFF, 0xFF, 0xFF, 0xFF, 0xFF,
    0xFF, 0xFF, 0xFF, 0xFF, 0xFF, 0xFF, 0xFF, 0xFF, 0xFF, 0xFF, 0xFF, 0xFF, 0xFF, 0xFF, 0xFF, 0xFF, 0xFF, 0xFF, 0x01,
    0x79, 0x78, 0x78, 0xB6, 0xBB, 0xBC, 0xFF, 0xFF, 0xFF, 0xFF, 0xFF, 0xFF, 0xFF, 0xFF, 0xFF, 0xFF, 0xFF, 0xFF, 0xFF,
    0xFF, 0xFF, 0xFF, 0xFF, 0xFF, 0xFF, 0xFF, 0xFF, 0xFF, 0xFF, 0xFF, 0xFF, 0xFF, 0xFF, 0xFF, 0xFF, 0xFF, 0xFF, 0xFF,
    0xFF, 0xFF, 0xFF, 0xFF, 0xFF, 0xFF, 0xFF, 0xFF, 0xFF, 0xFF, 0xFF, 0xFF, 0xFF, 0xFF, 0xFF, 0xFF, 0xFF, 0xFF, 0xFF,
    0xFF, 0xFF, 0xFF, 0xFF, 0xFF, 0xFF, 0xFF, 0xFF, 0xFF, 0xFF, 0xFF, 0xFF, 0xFF, 0xFF, 0xFF, 0xFF, 0xFF, 0xFF, 0xFF,
    0xFF, 0xFF, 0xFF, 0xFF, 0xFF, 0xFF, 0xFF, 0xFF, 0xFF, 0xFF, 0xFF, 0xFF, 0xFF, 0xFF, 0xFF, 0xFF, 0xFF, 0xFF, 0xFF,
    0xFF, 0xFF, 0xFF, 0xFF, 0xFF, 0xFF, 0xFF, 0xFF, 0xFF, 0xFF, 0xFF, 0xFF, 0xFF, 0xFF, 0xFF, 0xFF, 0xFF, 0xFF, 0xFF,
    0xFF, 0xFF, 0xFF, 0xFF, 0xFF, 0xFF, 0xFF, 0xFF, 0xFF, 0xFF, 0xFF, 0xFF, 0xFF, 0xFF, 0xFF, 0xFF, 0xFF, 0xFF, 0xFF,
    0xFF, 0xFF, 0xFF, 0xFF, 0xFF, 0xFF, 0xFF, 0xFF, 0xFF, 0xFF, 0xFF, 0xFF, 0xFF, 0xFF, 0xFF, 0x01, 0xB6, 0x82, 0x7B,
    0xA0, 0x7B, 0x77, 0x79, 0xFF, 0xFF, 0xFF, 0xFF, 0xFF, 0xFF, 0xFF, 0xFF, 0xFF, 0xFF, 0xFF, 0xFF, 0xFF, 0xFF, 0xFF,
    0xFF, 0xFF, 0xFF, 0xFF, 0xFF, 0xFF, 0xFF, 0xFF, 0xFF, 0xFF, 0xFF, 0xFF, 0xFF, 0xFF, 0xFF, 0xFF, 0xFF, 0xFF, 0xFF,
    0xFF, 0xFF, 0xFF, 0xFF, 0xFF, 0xFF, 0xFF, 0xFF, 0xFF, 0xFF, 0xFF, 0xFF, 0xFF, 0xFF, 0xFF, 0xFF, 0xFF, 0xFF, 0xFF,
    0xFF, 0xFF, 0xFF, 0xFF, 0xFF, 0xFF, 0xFF, 0xFF, 0xFF, 0xFF, 0xFF, 0xFF, 0xFF, 0xFF, 0xFF, 0xFF, 0xFF, 0xFF, 0xFF,
    0xFF, 0xFF, 0xFF, 0xFF, 0xFF, 0xFF, 0xFF, 0xFF, 0xFF, 0xFF, 0xFF, 0xFF, 0xFF, 0xFF, 0xFF, 0xFF, 0xFF, 0xFF, 0xFF,
    0xFF, 0xFF, 0xFF, 0xFF, 0xFF, 0xFF, 0xFF, 0xFF, 0xFF, 0xFF, 0xFF, 0xFF, 0xFF, 0xFF, 0xFF, 0xFF, 0xFF, 0xFF, 0xFF,
    0xFF, 0xFF, 0xFF, 0xFF, 0xFF, 0xFF, 0xFF, 0xFF, 0xFF, 0xFF, 0xFF, 0xFF, 0xFF, 0xFF, 0xFF, 0xFF, 0xFF, 0xFF, 0xFF,
    0xFF, 0xFF, 0xFF, 0xFF, 0xFF, 0xFF, 0xFF, 0xFF, 0xFF, 0xFF, 0xFF, 0xFF, 0xFF, 0x79, 0x02, 0x81, 0x84, 0xA1, 0xAB,
    0x81, 0x82, 0xBB, 0xFF, 0xFF, 0xFF, 0xFF, 0xFF, 0xFF, 0xFF, 0xFF, 0xFF, 0xFF, 0xFF, 0xFF, 0xFF, 0xFF, 0xFF, 0xFF,
    0xFF, 0xFF, 0xFF, 0xFF, 0xFF, 0xFF, 0xFF, 0xFF, 0xFF, 0xFF, 0xFF, 0xFF, 0xFF, 0xFF, 0xFF, 0xFF, 0xFF, 0xFF, 0xFF,
    0xFF, 0xFF, 0xFF, 0xFF, 0xFF, 0xFF, 0xFF, 0xFF, 0xFF, 0xFF, 0xFF, 0xFF, 0xFF, 0xFF, 0xFF, 0xFF, 0xFF, 0xFF, 0xFF,
    0xFF, 0xFF, 0xFF, 0xFF, 0xFF, 0xFF, 0xFF, 0xFF, 0xFF, 0xFF, 0xFF, 0xFF, 0xFF, 0xFF, 0xFF, 0xFF, 0xFF, 0xFF, 0xFF,
    0xFF, 0xFF, 0xFF, 0xFF, 0xFF, 0xFF, 0xFF, 0xFF, 0xFF, 0xFF, 0xFF, 0xFF, 0xFF, 0xFF, 0xFF, 0xFF, 0xFF, 0xFF, 0xFF,
    0xFF, 0xFF, 0xFF, 0xFF, 0xFF, 0xFF, 0xFF, 0xFF, 0xFF, 0xFF, 0xFF, 0xFF, 0xFF, 0xFF, 0xFF, 0xFF, 0xFF, 0xFF, 0xFF,
    0xFF, 0xFF, 0xFF, 0xFF, 0xFF, 0xFF, 0xFF, 0xFF, 0xFF, 0xFF, 0xFF, 0xFF, 0xFF, 0xFF, 0xFF, 0xFF, 0xFF, 0xFF, 0xFF,
    0xFF, 0xFF, 0xFF, 0xFF, 0xFF, 0xFF, 0xFF, 0xFF, 0xFF, 0xFF, 0xFF, 0x78, 0xA0, 0xAB, 0xA7, 0x9B, 0x47, 0x6C, 0xA0,
    0x78, 0xBB, 0x01, 0xBC, 0xFF, 0xFF, 0xFF, 0xFF, 0xFF, 0xFF, 0xFF, 0xFF, 0xFF, 0xFF, 0xFF, 0xFF, 0xFF, 0xFF, 0xFF,
    0xFF, 0xFF, 0xFF, 0xFF, 0xFF, 0xFF, 0xFF, 0xFF, 0xFF, 0xFF, 0xFF, 0xFF, 0xFF, 0xFF, 0xFF, 0xFF, 0xFF, 0xFF, 0xFF,
    0xFF, 0xFF, 0xFF, 0xFF, 0xFF, 0xFF, 0xFF, 0xFF, 0xFF, 0xFF, 0xFF, 0xFF, 0xFF, 0xFF, 0xFF, 0xFF, 0xFF, 0xFF, 0xFF,
    0xFF, 0xFF, 0xFF, 0xFF, 0xFF, 0xFF, 0xFF, 0xFF, 0xFF, 0xFF, 0xFF, 0xFF, 0xFF, 0xFF, 0xFF, 0xFF, 0xFF, 0xFF, 0xFF,
    0xFF, 0xFF, 0xFF, 0xFF, 0xFF, 0xFF, 0xFF, 0xFF, 0xFF, 0xFF, 0xFF, 0xFF, 0xFF, 0xFF, 0xFF, 0xFF, 0xFF, 0xFF, 0xFF,
    0xFF, 0xFF, 0xFF, 0xFF, 0xFF, 0xFF, 0xFF, 0xFF, 0xFF, 0xFF, 0xFF, 0xFF, 0xFF, 0xFF, 0xFF, 0xFF, 0xFF, 0xFF, 0xFF,
    0xFF, 0xFF, 0xFF, 0xFF, 0xFF, 0xFF, 0xFF, 0xFF, 0xFF, 0xFF, 0xFF, 0xFF, 0xFF, 0xFF, 0xFF, 0xFF, 0xFF, 0xFF, 0xFF,
    0xFF, 0xFF, 0xFF, 0xFF, 0xFF, 0xFF, 0xFF, 0xFF, 0x01, 0x77, 0x81, 0x9F, 0x9B, 0x3B, 0x54, 0x54, 0x6C, 0xA4, 0xB2,
    0xB6, 0xBB, 0xFF, 0xFF, 0xFF, 0xFF, 0xFF, 0xFF, 0xFF, 0xFF, 0xFF, 0xFF, 0xFF, 0xFF, 0xFF, 0xFF, 0xFF, 0xFF, 0xFF,
    0xFF, 0xFF, 0xFF, 0xFF, 0xFF, 0xFF, 0xFF, 0xFF, 0xFF, 0xFF, 0xFF, 0xFF, 0xFF, 0xFF, 0xFF, 0xFF, 0xFF, 0xFF, 0xFF,
    0xFF, 0xFF, 0xFF, 0xFF, 0xFF, 0xFF, 0xFF, 0xFF, 0xFF, 0xFF, 0xFF, 0xFF, 0xFF, 0xFF, 0xFF, 0xFF, 0xFF, 0xFF, 0xFF,
    0xFF, 0xFF, 0xFF, 0xFF, 0xFF, 0xFF, 0xFF, 0xFF, 0xFF, 0xFF, 0xFF, 0xFF, 0xFF, 0xFF, 0xFF, 0xFF, 0xFF, 0xFF, 0xFF,
    0xFF, 0xFF, 0xFF, 0xFF, 0xFF, 0xFF, 0xFF, 0xFF, 0xFF, 0xFF, 0xFF, 0xFF, 0xFF, 0xFF, 0xFF, 0xFF, 0xFF, 0xFF, 0xFF,
    0xFF, 0xFF, 0xFF, 0xFF, 0xFF, 0xFF, 0xFF, 0xFF, 0xFF, 0xFF, 0xFF, 0xFF, 0xFF, 0xFF, 0xFF, 0xFF, 0xFF, 0xFF, 0xFF,
    0xFF, 0xFF, 0xFF, 0xFF, 0xFF, 0xFF, 0xFF, 0xFF, 0xFF, 0xFF, 0xFF, 0xFF, 0xFF, 0xFF, 0xFF, 0xFF, 0xFF, 0xFF, 0xFF,
    0xFF, 0xFF, 0xFF, 0xFF, 0xFF, 0xFF, 0x01, 0xB2, 0x81, 0x70, 0x3B, 0x54, 0x50, 0x3A, 0x4A, 0x74, 0xB5, 0xB6, 0xB6,
    0xFF, 0xFF, 0xFF, 0xFF, 0xFF, 0xFF, 0xFF, 0xFF, 0xFF, 0xFF, 0xFF, 0xFF, 0xFF, 0xFF, 0xFF, 0xFF, 0xFF, 0xFF, 0xFF,
    0xFF, 0xFF, 0xFF, 0xFF, 0xFF, 0xFF, 0xFF, 0xFF, 0xFF, 0xFF, 0xFF, 0xFF, 0xFF, 0xFF, 0xFF, 0xFF, 0xFF, 0xFF, 0xFF,
    0xFF, 0xFF, 0xFF, 0xFF, 0xFF, 0xFF, 0xFF, 0xFF, 0xFF, 0xFF, 0xFF, 0xFF, 0xFF, 0xFF, 0xFF, 0xFF, 0xFF, 0xFF, 0xFF,
    0xFF, 0xFF, 0xFF, 0xFF, 0xFF, 0xFF, 0xFF, 0xFF, 0xFF, 0xFF, 0xFF, 0xFF, 0xFF, 0xFF, 0xFF, 0xFF, 0xFF, 0xFF, 0xFF,
    0xFF, 0xFF, 0xFF, 0xFF, 0xFF, 0xFF, 0xFF, 0xFF, 0xFF, 0xFF, 0xFF, 0xFF, 0xFF, 0xFF, 0xFF, 0xFF, 0xFF, 0xFF, 0xFF,
    0xFF, 0xFF, 0xFF, 0xFF, 0xFF, 0xFF, 0xFF, 0xFF, 0xFF, 0xFF, 0xFF, 0xFF, 0xFF, 0xFF, 0xFF, 0xFF, 0xFF, 0xFF, 0xFF,
    0xFF, 0xFF, 0xFF, 0xFF, 0xFF, 0xFF, 0xFF, 0xFF, 0xFF, 0xFF, 0xFF, 0xFF, 0xFF, 0xFF, 0xFF, 0xFF, 0xFF, 0xFF, 0xFF,
    0xFF, 0xFF, 0xFF, 0xFF, 0xBC, 0x78, 0x7B, 0x7F, 0x47, 0x3A, 0x50, 0x57, 0x67, 0x81, 0xB5, 0xB9, 0xB6, 0xFF, 0xFF,
    0xFF, 0xFF, 0xFF, 0xFF, 0xFF, 0xFF, 0xFF, 0xFF, 0xFF, 0xFF, 0xFF, 0xFF, 0xFF, 0xFF, 0xFF, 0xFF, 0xFF, 0xFF, 0xFF,
    0xFF, 0xFF, 0xFF, 0xFF, 0xFF, 0xFF, 0xFF, 0xFF, 0xFF, 0xFF, 0xFF, 0xFF, 0xFF, 0xFF, 0xFF, 0xFF, 0xFF, 0xFF, 0xFF,
    0xFF, 0xFF, 0xFF, 0xFF, 0xFF, 0xFF, 0xFF, 0xFF, 0xFF, 0xFF, 0xFF, 0xFF, 0xFF, 0xFF, 0xFF, 0xFF, 0xFF, 0xFF, 0xFF,
    0xFF, 0xFF, 0xFF, 0xFF, 0xFF, 0xFF, 0xFF, 0xFF, 0xFF, 0xFF, 0xFF, 0xFF, 0xFF, 0xFF, 0xFF, 0xFF, 0xFF, 0xFF, 0xFF,
    0xFF, 0xFF, 0xFF, 0xFF, 0xFF, 0xFF, 0xFF, 0xFF, 0xFF, 0xFF, 0xFF, 0xFF, 0xFF, 0xFF, 0xFF, 0xFF, 0xFF, 0xFF, 0xFF,
    0xFF, 0xFF, 0xFF, 0xFF, 0xFF, 0xFF, 0xFF, 0xFF, 0xFF, 0xFF, 0xFF, 0xFF, 0xFF, 0xFF, 0xFF, 0xFF, 0xFF, 0xFF, 0xFF,
    0xFF, 0xFF, 0xFF, 0xFF, 0xFF, 0xFF, 0xFF, 0xFF, 0xFF, 0xFF, 0xFF, 0xFF, 0xFF, 0xFF, 0xFF, 0xFF, 0xFF, 0xFF, 0xFF,
    0xFF, 0xFF, 0xFF, 0xBB, 0x60, 0x26, 0x3D, 0x2E, 0x57, 0x6C, 0xAD, 0xAF, 0xB5, 0xB9, 0xB6, 0xFF, 0xFF, 0xFF, 0xFF,
    0xFF, 0xFF, 0xFF, 0xFF, 0xFF, 0xFF, 0xFF, 0xFF, 0xFF, 0xFF, 0xFF, 0xFF, 0xFF, 0xFF, 0xFF, 0xFF, 0xFF, 0xFF, 0xFF,
    0xFF, 0xFF, 0xFF, 0xFF, 0xFF, 0xFF, 0xFF, 0xFF, 0xFF, 0xFF, 0xFF, 0xFF, 0xFF, 0xFF, 0xFF, 0xFF, 0xFF, 0xFF, 0xFF,
    0xFF, 0xFF, 0xFF, 0xFF, 0xFF, 0xFF, 0xFF, 0xFF, 0xFF, 0xFF, 0xFF, 0xFF, 0xFF, 0xFF, 0xFF, 0xFF, 0xFF, 0xFF, 0xFF,
    0xFF, 0xFF, 0xFF, 0xFF, 0xFF, 0xFF, 0xFF, 0xFF, 0xFF, 0xFF, 0xFF, 0xFF, 0xFF, 0xFF, 0xFF, 0xFF, 0xFF, 0xFF, 0xFF,
    0xFF, 0xFF, 0xFF, 0xFF, 0xFF, 0xFF, 0xFF, 0xFF, 0xFF, 0xFF, 0xFF, 0xFF, 0xFF, 0xFF, 0xFF, 0xFF, 0xFF, 0xFF, 0xFF,
    0xFF, 0xFF, 0xFF, 0xFF, 0xFF, 0xFF, 0xFF, 0xFF, 0xFF, 0xFF, 0xFF, 0xFF, 0xFF, 0xFF, 0xFF, 0xFF, 0xFF, 0xFF, 0xFF,
    0xFF, 0xFF, 0xFF, 0xFF, 0xFF, 0xFF, 0xFF, 0xFF, 0xFF, 0xFF, 0xFF, 0xFF, 0xFF, 0xFF, 0xFF, 0xFF, 0xFF, 0xFF, 0xFF,
    0xFF, 0x64, 0x15, 0x16, 0x1E, 0x5D, 0x76, 0x87, 0xB7, 0xB5, 0xB9, 0xB6, 0x01, 0xFF, 0xFF, 0xFF, 0xFF, 0xFF, 0xFF,
    0xFF, 0xFF, 0xFF, 0xFF, 0xFF, 0xFF, 0xFF, 0xFF, 0xFF, 0xFF, 0xFF, 0xFF, 0xFF, 0xFF, 0xFF, 0xFF, 0xFF, 0xFF, 0xFF,
    0xFF, 0xFF, 0xFF, 0xFF, 0xFF, 0xFF, 0xFF, 0xFF, 0xFF, 0xFF, 0xFF, 0xFF, 0xFF, 0xFF, 0xFF, 0xFF, 0xFF, 0xFF, 0xFF,
    0xFF, 0xFF, 0xFF, 0xFF, 0xFF, 0xFF, 0xFF, 0xFF, 0xFF, 0xFF, 0xFF, 0xFF, 0xFF, 0xFF, 0xFF, 0xFF, 0xFF, 0xFF, 0xFF,
    0xFF, 0xFF, 0xFF, 0xFF, 0xFF, 0xFF, 0xFF, 0xFF, 0xFF, 0xFF, 0xFF, 0xFF, 0xFF, 0xFF, 0xFF, 0xFF, 0xFF, 0xFF, 0xFF,
    0xFF, 0xFF, 0xFF, 0xFF, 0xFF, 0xFF, 0xFF, 0xFF, 0xFF, 0xFF, 0xFF, 0xFF, 0xFF, 0xFF, 0xFF, 0xFF, 0xFF, 0xFF, 0xFF,
    0xFF, 0xFF, 0xFF, 0xFF, 0xFF, 0xFF, 0xFF, 0xFF, 0xFF, 0xFF, 0xFF, 0xFF, 0xFF, 0xFF, 0xFF, 0xFF, 0xFF, 0xFF, 0xFF,
    0xFF, 0xFF, 0xFF, 0xFF, 0xFF, 0xFF, 0xFF, 0xFF, 0xFF, 0xFF, 0xFF, 0xFF, 0xFF, 0xFF, 0xFF, 0xFF, 0xFF, 0x66, 0x22,
    0x1D, 0x20, 0x14, 0x5A, 0xB7, 0x8B, 0xB5, 0xB9, 0xB6, 0x01, 0xFF, 0xFF, 0xFF, 0xFF, 0xFF, 0xFF, 0xFF, 0xFF, 0xFF,
    0xFF, 0xFF, 0xFF, 0xFF, 0xFF, 0xFF, 0xFF, 0xFF, 0xFF, 0xFF, 0xFF, 0xFF, 0xFF, 0xFF, 0xFF, 0xFF, 0xFF, 0xFF, 0xFF,
    0xFF, 0xFF, 0xFF, 0xFF, 0xFF, 0xFF, 0xFF, 0xFF, 0xFF, 0xFF, 0xFF, 0xFF, 0xFF, 0xFF, 0xFF, 0xFF, 0xFF, 0xFF, 0xFF,
    0xFF, 0xFF, 0xFF, 0xFF, 0xFF, 0xFF, 0xFF, 0xFF, 0xFF, 0xFF, 0xFF, 0xFF, 0xFF, 0xFF, 0xFF, 0xFF, 0xFF, 0xFF, 0xFF,
    0xFF, 0xFF, 0xFF, 0xFF, 0xFF, 0xFF, 0xFF, 0xFF, 0xFF, 0xFF, 0xFF, 0xFF, 0xFF, 0xFF, 0xFF, 0xFF, 0xFF, 0xFF, 0xFF,
    0xFF, 0xFF, 0xFF, 0xFF, 0xFF, 0xFF, 0xFF, 0xFF, 0xFF, 0xFF, 0xFF, 0xFF, 0xFF, 0xFF, 0xFF, 0xFF, 0xFF, 0xFF, 0xFF,
    0xFF, 0xFF, 0xFF, 0xFF, 0xFF, 0xFF, 0xFF, 0xFF, 0xFF, 0xFF, 0xFF, 0xFF, 0xFF, 0xFF, 0xFF, 0xFF, 0xFF, 0xFF, 0xFF,
    0xFF, 0xFF, 0xFF, 0xFF, 0xFF, 0xFF, 0xFF, 0xFF, 0xFF, 0xFF, 0xFF, 0xFF, 0xFF, 0xFF, 0x66, 0x1B, 0x1D, 0x20, 0x1C,
    0x06, 0xB8, 0xB3, 0xB9, 0xB2, 0xF8, 0xBC, 0xFF, 0xFF, 0xFF, 0xFF, 0xFF, 0xFF, 0xFF, 0xFF, 0xFF, 0xFF, 0xFF, 0xFF,
    0xFF, 0xFF, 0xFF, 0xFF, 0xFF, 0xFF, 0xFF, 0xFF, 0xFF, 0xFF, 0xFF, 0xFF, 0xFF, 0xFF, 0xFF, 0xFF, 0xFF, 0xFF, 0xFF,
    0xFF, 0xFF, 0xFF, 0xFF, 0xFF, 0xFF, 0xFF, 0xFF, 0xFF, 0xFF, 0xFF, 0xFF, 0xFF, 0xFF, 0xFF, 0xFF, 0xFF, 0xFF, 0xFF,
    0xFF, 0xFF, 0xFF, 0xFF, 0xFF, 0xFF, 0xFF, 0xFF, 0xFF, 0xFF, 0xFF, 0xFF, 0xFF, 0xFF, 0xFF, 0xFF, 0xFF, 0xFF, 0xFF,
    0xFF, 0xFF, 0xFF, 0xFF, 0xFF, 0xFF, 0xFF, 0xFF, 0xFF, 0xFF, 0xFF, 0xFF, 0xFF, 0xFF, 0xFF, 0xFF, 0xFF, 0xFF, 0xFF,
    0xFF, 0xFF, 0xFF, 0xFF, 0xFF, 0xFF, 0xFF, 0xFF, 0xFF, 0xFF, 0xFF, 0xFF, 0xFF, 0xFF, 0xFF, 0xFF, 0xFF, 0xFF, 0xFF,
    0xFF, 0xFF, 0xFF, 0xFF, 0xFF, 0xFF, 0xFF, 0xFF, 0xFF, 0xFF, 0xFF, 0xFF, 0xFF, 0xFF, 0xFF, 0xFF, 0xFF, 0xFF, 0xFF,
    0xFF, 0xFF, 0xFF, 0xFF, 0xFF, 0xFF, 0xFF, 0xFF, 0xFF, 0xFF, 0xFF, 0x66, 0x1B, 0x1D, 0x1E, 0x14, 0x06, 0xB8, 0xB5,
    0xB9, 0xB2, 0xB6, 0xFD, 0xFF, 0xFF, 0xFF, 0xFF, 0xFF, 0xFF, 0xFF, 0xFF, 0xFF, 0xFF, 0xFF, 0xFF, 0xFF, 0xFF, 0xFF,
    0xFF, 0xFF, 0xFF, 0xFF, 0xFF, 0xFF, 0xFF, 0xFF, 0xFF, 0xFF, 0xFF, 0xFF, 0xFF, 0xFF, 0xFF, 0xFF, 0xFF, 0xFF, 0xFF,
    0xFF, 0xFF, 0xFF, 0xFF, 0xFF, 0xFF, 0xFF, 0xFF, 0xFF, 0xFF, 0xFF, 0xFF, 0xFF, 0xFF, 0xFF, 0xFF, 0xFF, 0xFF, 0xFF,
    0xFF, 0xFF, 0xFF, 0xFF, 0xFF, 0xFF, 0xFF, 0xFF, 0xFF, 0xFF, 0xFF, 0xFF, 0xFF, 0xFF, 0xFF, 0xFF, 0xFF, 0xFF, 0xFF,
    0xFF, 0xFF, 0xFF, 0xFF, 0xFF, 0xFF, 0xFF, 0xFF, 0xFF, 0xFF, 0xFF, 0xFF, 0xFF, 0xFF, 0xFF, 0xFF, 0xFF, 0xFF, 0xFF,
    0xFF, 0xFF, 0xFF, 0xFF, 0xFF, 0xFF, 0xFF, 0xFF, 0xFF, 0xFF, 0xFF, 0xFF, 0xFF, 0xFF, 0xFF, 0xFF, 0xFF, 0xFF, 0xFF,
    0xFF, 0xFF, 0xFF, 0xFF, 0xFF, 0xFF, 0xFF, 0xFF, 0xFF, 0xFF, 0xFF, 0xFF, 0xFF, 0xFF, 0xFF, 0xFF, 0xFF, 0xFF, 0xFF,
    0xFF, 0xFF, 0xFF, 0xFF, 0xFF, 0xFF, 0xFF, 0xFF, 0x01, 0x1B, 0x1D, 0x1E, 0x14, 0x06, 0xB8, 0xBA, 0xB9, 0xB2, 0xBB,
    0xFD, 0xFF, 0xFF, 0xFF, 0xFF, 0xFF, 0xFF, 0xFF, 0xFF, 0xFF, 0xFF, 0xFF, 0xFF, 0xFF, 0xFF, 0xFF, 0xFF, 0xFF, 0xFF,
    0xFF, 0xFF, 0xFF, 0xFF, 0xFF, 0xFF, 0xFF, 0xFF, 0xFF, 0xFF, 0xFF, 0xFF, 0xFF, 0xFF, 0xFF, 0xFF, 0xFF, 0xFF, 0xFF,
    0xFF, 0xFF, 0xFF, 0xFF, 0xFF, 0xFF, 0xFF, 0xFF, 0xFF, 0xFF, 0xFF, 0xFF, 0xFF, 0xFF, 0xFF, 0xFF, 0xFF, 0xFF, 0xFF,
    0xFF, 0xFF, 0xFF, 0xFF, 0xFF, 0xFF, 0xFF, 0xFF, 0xFF, 0xFF, 0xFF, 0xFF, 0xFF, 0xFF, 0xFF, 0xFF, 0xFF, 0xFF, 0xFF,
    0xFF, 0xFF, 0xFF, 0xFF, 0xFF, 0xFF, 0xFF, 0xFF, 0xFF, 0xFF, 0xFF, 0xFF, 0xFF, 0xFF, 0xFF, 0xFF, 0xFF, 0xFF, 0xFF,
    0xFF, 0xFF, 0xFF, 0xFF, 0xFF, 0xFF, 0xFF, 0xFF, 0xFF, 0xFF, 0xFF, 0xFF, 0xFF, 0xFF, 0xFF, 0xFF, 0xFF, 0xFF, 0xFF,
    0xFF, 0xFF, 0xFF, 0xFF, 0xFF, 0xFF, 0xFF, 0xFF, 0xFF, 0xFF, 0xFF, 0xFF, 0xFF, 0xFF, 0xFF, 0xFF, 0xFF, 0xFF, 0xFF,
    0xFF, 0xFF, 0xFF, 0xFF, 0xFF, 0x01, 0x1B, 0x1D, 0x1E, 0x14, 0x5A, 0xB7, 0xB8, 0xB9, 0xB2, 0xF8, 0xFF, 0xFF, 0xFF,
    0xFF, 0xFF, 0xFF, 0xFF, 0xFF, 0xFF, 0xFF, 0xFF, 0xFF, 0xFF, 0xFF, 0xFF, 0xFF, 0xFF, 0xFF, 0xFF, 0xFF, 0xFF, 0xFF,
    0xFF, 0xFF, 0xFF, 0xFF, 0xFF, 0xFF, 0xFF, 0xFF, 0xFF, 0xFF, 0xFF, 0xFF, 0xFF, 0xFF, 0xFF, 0xFF, 0xFF, 0xFF, 0xFF,
    0xFF, 0xFF, 0xFF, 0xFF, 0xFF, 0xFF, 0xFF, 0xFF, 0xFF, 0xFF, 0xFF, 0xFF, 0xFF, 0xFF, 0xFF, 0xFF, 0xFF, 0xFF, 0xFF,
    0xFF, 0xFF, 0xFF, 0xFF, 0xFF, 0xFF, 0xFF, 0xFF, 0xFF, 0xFF, 0xFF, 0xFF, 0xFF, 0xFF, 0xFF, 0xFF, 0xFF, 0xFF, 0xFF,
    0xFF, 0xFF, 0xFF, 0xFF, 0xFF, 0xFF, 0xFF, 0xFF, 0xFF, 0xFF, 0xFF, 0xFF, 0xFF, 0xFF, 0xFF, 0xFF, 0xFF, 0xFF, 0xFF,
    0xFF, 0xFF, 0xFF, 0xFF, 0xFF, 0xFF, 0xFF, 0xFF, 0xFF, 0xFF, 0xFF, 0xFF, 0xFF, 0xFF, 0xFF, 0xFF, 0xFF, 0xFF, 0xFF,
    0xFF, 0xFF, 0xFF, 0xFF, 0xFF, 0xFF, 0xFF, 0xFF, 0xFF, 0xFF, 0xFF, 0xFF, 0xFF, 0xFF, 0xFF, 0xFF, 0xFF, 0xFF, 0xFF,
    0xFF, 0xFF, 0x01, 0x1F, 0x1D, 0x1D, 0x15, 0x33, 0xB4, 0xB8, 0xBA, 0xB9, 0xF8, 0xFF, 0xFF, 0xFF, 0xFF, 0xFF, 0xFF,
    0xFF, 0xFF, 0xFF, 0xFF, 0xFF, 0xFF, 0xFF, 0xFF, 0xFF, 0xFF, 0xFF, 0xFF, 0xFF, 0xFF, 0xFF, 0xFF, 0xFF, 0xFF, 0xFF,
    0xFF, 0xFF, 0xFF, 0xFF, 0xFF, 0xFF, 0xFF, 0xFF, 0xFF, 0xFF, 0xFF, 0xFF, 0xFF, 0xFF, 0xFF, 0xFF, 0xFF, 0xFF, 0xFF,
    0xFF, 0xFF, 0xFF, 0xFF, 0xFF, 0xFF, 0xFF, 0xFF, 0xFF, 0xFF, 0xFF, 0xFF, 0xFF, 0xFF, 0xFF, 0xFF, 0xFF, 0xFF, 0xFF,
    0xFF, 0xFF, 0xFF, 0xFF, 0xFF, 0xFF, 0xFF, 0xFF, 0xFF, 0xFF, 0xFF, 0xFF, 0xFF, 0xFF, 0xFF, 0xFF, 0xFF, 0xFF, 0xFF,
    0xFF, 0xFF, 0xFF, 0xFF, 0xFF, 0xFF, 0xFF, 0xFF, 0xFF, 0xFF, 0xFF, 0xFF, 0xFF, 0xFF, 0xFF, 0xFF, 0xFF, 0xFF, 0xFF,
    0xFF, 0xFF, 0xFF, 0xFF, 0xFF, 0xFF, 0xFF, 0xFF, 0xFF, 0xFF, 0xFF, 0xFF, 0xFF, 0xFF, 0xFF, 0xFF, 0xFF, 0xFF, 0xFF,
    0xFF, 0xFF, 0xFF, 0xFF, 0xFF, 0xFF, 0xFF, 0xFF, 0xFF, 0xFF, 0xFF, 0xFF, 0xFF, 0xFF, 0xFF, 0xFF, 0xFF, 0xFF, 0x01,
    0x24, 0x16, 0x1D, 0x13, 0x07, 0xD4, 0xB7, 0xBA, 0xB9, 0xBB, 0xFF, 0xFF, 0xFF, 0xFF, 0xFF, 0xFF, 0xFF, 0xFF, 0xFF,
    0xFF, 0xFF, 0xFF, 0xFF, 0xFF, 0xFF, 0xFF, 0xFF, 0xFF, 0xFF, 0xFF, 0xFF, 0xFF, 0xFF, 0xFF, 0xFF, 0xFF, 0xFF, 0xFF,
    0xFF, 0xFF, 0xFF, 0xFF, 0xFF, 0xFF, 0xFF, 0xFF, 0xFF, 0xFF, 0xFF, 0xFF, 0xFF, 0xFF, 0xFF, 0xFF, 0xFF, 0xFF, 0xFF,
    0xFF, 0xFF, 0xFF, 0xFF, 0xFF, 0xFF, 0xFF, 0xFF, 0xFF, 0xFF, 0xFF, 0xFF, 0xFF, 0xFF, 0xFF, 0xFF, 0xFF, 0xFF, 0xFF,
    0xFF, 0xFF, 0xFF, 0xFF, 0xFF, 0xFF, 0xFF, 0xFF, 0xFF, 0xFF, 0xFF, 0xFF, 0xFF, 0xFF, 0xFF, 0xFF, 0xFF, 0xFF, 0xFF,
    0xFF, 0xFF, 0xFF, 0xFF, 0xFF, 0xFF, 0xFF, 0xFF, 0xFF, 0xFF, 0xFF, 0xFF, 0xFF, 0xFF, 0xFF, 0xFF, 0xFF, 0xFF, 0xFF,
    0xFF, 0xFF, 0xFF, 0xFF, 0xFF, 0xFF, 0xFF, 0xFF, 0xFF, 0xFF, 0xFF, 0xFF, 0xFF, 0xFF, 0xFF, 0xFF, 0xFF, 0xFF, 0xFF,
    0xFF, 0xFF, 0xFF, 0xFF, 0xFF, 0xFF, 0xFF, 0xFF, 0xFF, 0xFF, 0xFF, 0xFF, 0xFF, 0xFF, 0xFF, 0x01, 0x24, 0x1D, 0x1D,
    0x13, 0x2A, 0xD4, 0xB4, 0xEA, 0xB9, 0xBB, 0xFF, 0xFF, 0xFF, 0xFF, 0xFF, 0xFF, 0xFF, 0xFF, 0xFF, 0xFF, 0xFF, 0xFF,
    0xFF, 0xFF, 0xFF, 0xFF, 0xFF, 0xFF, 0xFF, 0xFF, 0xFF, 0xFF, 0xFF, 0xFF, 0xFF, 0xFF, 0xFF, 0xFF, 0xFF, 0xFF, 0xFF,
    0xFF, 0xFF, 0xFF, 0xFF, 0xFF, 0xFF, 0xFF, 0xFF, 0xFF, 0xFF, 0xFF, 0xFF, 0xFF, 0xFF, 0xFF, 0xFF, 0xFF, 0xFF, 0xFF,
    0xFF, 0xFF, 0xFF, 0xFF, 0xFF, 0xFF, 0xFF, 0xFF, 0xFF, 0xFF, 0xFF, 0xFF, 0xFF, 0xFF, 0xFF, 0xFF, 0xFF, 0xFF, 0xFF,
    0xFF, 0xFF, 0xFF, 0xFF, 0xFF, 0xFF, 0xFF, 0xFF, 0xFF, 0xFF, 0xFF, 0xFF, 0xFF, 0xFF, 0xFF, 0xFF, 0xFF, 0xFF, 0xFF,
    0xFF, 0xFF, 0xFF, 0xFF, 0xFF, 0xFF, 0xFF, 0xFF, 0xFF, 0xFF, 0xFF, 0xFF, 0xFF, 0xFF, 0xFF, 0xFF, 0xFF, 0xFF, 0xFF,
    0xFF, 0xFF, 0xFF, 0xFF, 0xFF, 0xFF, 0xFF, 0xFF, 0xFF, 0xFF, 0xFF, 0xFF, 0xFF, 0xFF, 0xFF, 0xFF, 0xFF, 0xFF, 0xFF,
    0xFF, 0xFF, 0xFF, 0xFF, 0xFF, 0xFF, 0xFF, 0xFF, 0xFF, 0xFF, 0xFF, 0xFF, 0x01, 0x24, 0x16, 0x16, 0x13, 0x0A, 0xAD,
    0xD4, 0xB8, 0xB9, 0xBB, 0xFF, 0xFF, 0xFF, 0xFF, 0xFF, 0xFF, 0xFF, 0xFF, 0xFF, 0xFF, 0xFF, 0xFF, 0xFF, 0xFF, 0xFF,
    0xFF, 0xFF, 0xFF, 0xFF, 0xFF, 0xFF, 0xFF, 0xFF, 0xFF, 0xFF, 0xFF, 0xFF, 0xFF, 0xFF, 0xFF, 0xFF, 0xFF, 0xFF, 0xFF,
    0xFF, 0xFF, 0xFF, 0xFF, 0xFF, 0xFF, 0xFF, 0xFF, 0xFF, 0xFF, 0xFF, 0xFF, 0xFF, 0xFF, 0xFF, 0xFF, 0xFF, 0xFF, 0xFF,
    0xFF, 0xFF, 0xFF, 0xFF, 0xFF, 0xFF, 0xFF, 0xFF, 0xFF, 0xFF, 0xFF, 0xFF, 0xFF, 0xFF, 0xFF, 0xFF, 0xFF, 0xFF, 0xFF,
    0xFF, 0xFF, 0xFF, 0xFF, 0xFF, 0xFF, 0xFF, 0xFF, 0xFF, 0xFF, 0xFF, 0xFF, 0xFF, 0xFF, 0xFF, 0xFF, 0xFF, 0xFF, 0xFF,
    0xFF, 0xFF, 0xFF, 0xFF, 0xFF, 0xFF, 0xFF, 0xFF, 0xFF, 0xFF, 0xFF, 0xFF, 0xFF, 0xFF, 0xFF, 0xFF, 0xFF, 0xFF, 0xFF,
    0xFF, 0xFF, 0xFF, 0xFF, 0xFF, 0xFF, 0xFF, 0xFF, 0xFF, 0xFF, 0xFF, 0xFF, 0xFF, 0xFF, 0xFF, 0xFF, 0xFF, 0xFF, 0xFF,
    0xFF, 0xFF, 0xFF, 0xFF, 0xFF, 0xFF, 0xFF, 0xFF, 0xFF, 0x01, 0x24, 0x1D, 0x16, 0x12, 0x0A, 0xF2, 0xD4, 0xEA, 0xB9,
    0xBC, 0xFF, 0xFF, 0xFF, 0xFF, 0xFF, 0xFF, 0xFF, 0xFF, 0xFF, 0xFF, 0xFF, 0xFF, 0xFF, 0xFF, 0xFF, 0xFF, 0xFF, 0xFF,
    0xFF, 0xFF, 0xFF, 0xFF, 0xFF, 0xFF, 0xFF, 0xFF, 0xFF, 0xFF, 0xFF, 0xFF, 0xFF, 0xFF, 0xFF, 0xFF, 0xFF, 0xFF, 0xFF,
    0xFF, 0xFF, 0xFF, 0xFF, 0xFF, 0xFF, 0xFF, 0xFF, 0xFF, 0xFF, 0xFF, 0xFF, 0xFF, 0xFF, 0xFF, 0xFF, 0xFF, 0xFF, 0xFF,
    0xFF, 0xFF, 0xFF, 0xFF, 0xFF, 0xFF, 0xFF, 0xFF, 0xFF, 0xFF, 0xFF, 0xFF, 0xFF, 0xFF, 0xFF, 0xFF, 0xFF, 0xFF, 0xFF,
    0xFF, 0xFF, 0xFF, 0xFF, 0xFF, 0xFF, 0xFF, 0xFF, 0xFF, 0xFF, 0xFF, 0xFF, 0xFF, 0xFF, 0xFF, 0xFF, 0xFF, 0xFF, 0xFF,
    0xFF, 0xFF, 0xFF, 0xFF, 0xFF, 0xFF, 0xFF, 0xFF, 0xFF, 0xFF, 0xFF, 0xFF, 0xFF, 0xFF, 0xFF, 0xFF, 0xFF, 0xFF, 0xFF,
    0xFF, 0xFF, 0xFF, 0xFF, 0xFF, 0xFF, 0xFF, 0xFF, 0xFF, 0xFF, 0xFF, 0xFF, 0xFF, 0xFF, 0xFF, 0xFF, 0xFF, 0xFF, 0xFF,
    0xFF, 0xFF, 0xFF, 0xFF, 0xFF, 0xFF, 0x01, 0x24, 0x1D, 0x16, 0x12, 0x0A, 0xF2, 0xD4, 0xEA, 0xB6, 0xFF, 0xFF, 0xFF,
    0xFF, 0xFF, 0xFF, 0xFF, 0xFF, 0xFF, 0xFF, 0xFF, 0xFF, 0xFF, 0xFF, 0xFF, 0xFF, 0xFF, 0xFF, 0xFF, 0xFF, 0xFF, 0xFF,
    0xFF, 0xFF, 0xFF, 0xFF, 0xFF, 0xFF, 0xFF, 0xFF, 0xFF, 0xFF, 0xFF, 0xFF, 0xFF, 0xFF, 0xFF, 0xFF, 0xFF, 0xFF, 0xFF,
    0xFF, 0xFF, 0xFF, 0xFF, 0xFF, 0xFF, 0xFF, 0xFF, 0xFF, 0xFF, 0xFF, 0xFF, 0xFF, 0xFF, 0xFF, 0xFF, 0xFF, 0xFF, 0xFF,
    0xFF, 0xFF, 0xFF, 0xFF, 0xFF, 0xFF, 0xFF, 0xFF, 0xFF, 0xFF, 0xFF, 0xFF, 0xFF, 0xFF, 0xFF, 0xFF, 0xFF, 0xFF, 0xFF,
    0xFF, 0xFF, 0xFF, 0xFF, 0xFF, 0xFF, 0xFF, 0xFF, 0xFF, 0xFF, 0xFF, 0xFF, 0xFF, 0xFF, 0xFF, 0xFF, 0xFF, 0xFF, 0xFF,
    0xFF, 0xFF, 0xFF, 0xFF, 0xFF, 0xFF, 0xFF, 0xFF, 0xFF, 0xFF, 0xFF, 0xFF, 0xFF, 0xFF, 0xFF, 0xFF, 0xFF, 0xFF, 0xFF,
    0xFF, 0xFF, 0xFF, 0xFF, 0xFF, 0xFF, 0xFF, 0xFF, 0xFF, 0xFF, 0xFF, 0xFF, 0xFF, 0xFF, 0xFF, 0xFF, 0xFF, 0xFF, 0xFF,
    0xFF, 0xFF, 0xFF, 0x01, 0x24, 0x1D, 0x18, 0x12, 0x0A, 0xF2, 0xB0, 0xEA, 0xB6, 0xFF, 0xFF, 0xFF, 0xFF, 0xFF, 0xFF,
    0xFF, 0xFF, 0xFF, 0xFF, 0xFF, 0xFF, 0xFF, 0xFF, 0xFF, 0xFF, 0xFF, 0xFF, 0xFF, 0xFF, 0xFF, 0xFF, 0xFF, 0xFF, 0xFF,
    0xFF, 0xFF, 0xFF, 0xFF, 0xFF, 0xFF, 0xFF, 0xFF, 0xFF, 0xFF, 0xFF, 0xFF, 0xFF, 0xFF, 0xFF, 0xFF, 0xFF, 0xFF, 0xFF,
    0xFF, 0xFF, 0xFF, 0xFF, 0xFF, 0xFF, 0xFF, 0xFF, 0xFF, 0xFF, 0xFF, 0xFF, 0xFF, 0xFF, 0xFF, 0xFF, 0xFF, 0xFF, 0xFF,
    0xFF, 0xFF, 0xFF, 0xFF, 0xFF, 0xFF, 0xFF, 0xFF, 0xFF, 0xFF, 0xFF, 0xFF, 0xFF, 0xFF, 0xFF, 0xFF, 0xFF, 0xFF, 0xFF,
    0xFF, 0xFF, 0xFF, 0xFF, 0xFF, 0xFF, 0xFF, 0xFF, 0xFF, 0xFF, 0xFF, 0xFF, 0xFF, 0xFF, 0xFF, 0xFF, 0xFF, 0xFF, 0xFF,
    0xFF, 0xFF, 0xFF, 0xFF, 0xFF, 0xFF, 0xFF, 0xFF, 0xFF, 0xFF, 0xFF, 0xFF, 0xFF, 0xFF, 0xFF, 0xFF, 0xFF, 0xFF, 0xFF,
    0xFF, 0xFF, 0xFF, 0xFF, 0xFF, 0xFF, 0xFF, 0xFF, 0xFF, 0xFF, 0xFF, 0xFF, 0xFF, 0xFF, 0xFF, 0xFF, 0xFF, 0xFF, 0xFF,
    0x01, 0x24, 0x1D, 0x16, 0x12, 0x0A, 0xF2, 0xD4, 0xB3, 0xB6, 0xFF, 0xFF, 0xFF, 0xFF, 0xFF, 0xFF, 0xFF, 0xFF, 0xFF,
    0xFF, 0xFF, 0xFF, 0xFF, 0xFF, 0xFF, 0xFF, 0xFF, 0xFF, 0xFF, 0xFF, 0xFF, 0xFF, 0xFF, 0xFF, 0xFF, 0xFF, 0xFF, 0xFF,
    0xFF, 0xFF, 0xFF, 0xFF, 0xFF, 0xFF, 0xFF, 0xFF, 0xFF, 0xFF, 0xFF, 0xFF, 0xFF, 0xFF, 0xFF, 0xFF, 0xFF, 0xFF, 0xFF,
    0xFF, 0xFF, 0xFF, 0xFF, 0xFF, 0xFF, 0xFF, 0xFF, 0xFF, 0xFF, 0xFF, 0xFF, 0xFF, 0xFF, 0xFF, 0xFF, 0xFF, 0xFF, 0xFF,
    0xFF, 0xFF, 0xFF, 0xFF, 0xFF, 0xFF, 0xFF, 0xFF, 0xFF, 0xFF, 0xFF, 0xFF, 0xFF, 0xFF, 0xFF, 0xFF, 0xFF, 0xFF, 0xFF,
    0xFF, 0xFF, 0xFF, 0xFF, 0xFF, 0xFF, 0xFF, 0xFF, 0xFF, 0xFF, 0xFF, 0xFF, 0xFF, 0xFF, 0xFF, 0xFF, 0xFF, 0xFF, 0xFF,
    0xFF, 0xFF, 0xFF, 0xFF, 0xFF, 0xFF, 0xFF, 0xFF, 0xFF, 0xFF, 0xFF, 0xFF, 0xFF, 0xFF, 0xFF, 0xFF, 0xFF, 0xFF, 0xFF,
    0xFF, 0xFF, 0xFF, 0xFF, 0xFF, 0xFF, 0xFF, 0xFF, 0xFF, 0xFF, 0xFF, 0xFF, 0xFF, 0xFF, 0xFF, 0xFF, 0x01, 0x21, 0x1D,
    0x16, 0x11, 0x0A, 0xAD, 0xD4, 0xBA, 0xB6, 0xFF, 0xFF, 0xFF, 0xFF, 0xFF, 0xFF, 0xFF, 0xFF, 0xFF, 0xFF, 0xFF, 0xFF,
    0xFF, 0xFF, 0xFF, 0xFF, 0xFF, 0xFF, 0xFF, 0xFF, 0xFF, 0xFF, 0xFF, 0xFF, 0xFF, 0xFF, 0xFF, 0xFF, 0xFF, 0xFF, 0xFF,
    0xFF, 0xFF, 0xFF, 0xFF, 0xFF, 0xFF, 0xFF, 0xFF, 0xFF, 0xFF, 0xFF, 0xFF, 0xFF, 0xFF, 0xFF, 0xFF, 0xFF, 0xFF, 0xFF,
    0xFF, 0xFF, 0xFF, 0xFF, 0xFF, 0xFF, 0xFF, 0xFF, 0xFF, 0xFF, 0xFF, 0xFF, 0xFF, 0xFF, 0xFF, 0xFF, 0xFF, 0xFF, 0xFF,
    0xFF, 0xFF, 0xFF, 0xFF, 0xFF, 0xFF, 0xFF, 0xFF, 0xFF, 0xFF, 0xFF, 0xFF, 0xFF, 0xFF, 0xFF, 0xFF, 0xFF, 0xFF, 0xFF,
    0xFF, 0xFF, 0xFF, 0xFF, 0xFF, 0xFF, 0xFF, 0xFF, 0xFF, 0xFF, 0xFF, 0xFF, 0xFF, 0xFF, 0xFF, 0xFF, 0xFF, 0xFF, 0xFF,
    0xFF, 0xFF, 0xFF, 0xFF, 0xFF, 0xFF, 0xFF, 0xFF, 0xFF, 0xFF, 0xFF, 0xFF, 0xFF, 0xFF, 0xFF, 0xFF, 0xFF, 0xFF, 0xFF,
    0xFF, 0xFF, 0xFF, 0xFF, 0xFF, 0xFF, 0xFF, 0xFF, 0xFF, 0xFF, 0xFF, 0xFF, 0xFF, 0x01, 0x21, 0x1D, 0x16, 0x11, 0x0A,
    0xAD, 0xD4, 0xBA, 0xBB, 0xFF, 0xFF, 0xFF, 0xFF, 0xFF, 0xFF, 0xFF, 0xFF, 0xFF, 0xFF, 0xFF, 0xFF, 0xFF, 0xFF, 0xFF,
    0xFF, 0xFF, 0xFF, 0xFF, 0xFF, 0xFF, 0xFF, 0xFF, 0xFF, 0xFF, 0xFF, 0xFF, 0xFF, 0xFF, 0xFF, 0xFF, 0xFF, 0xFF, 0xFF,
    0xFF, 0xFF, 0xFF, 0xFF, 0xFF, 0xFF, 0xFF, 0xFF, 0xFF, 0xFF, 0xFF, 0xFF, 0xFF, 0xFF, 0xFF, 0xFF, 0xFF, 0xFF, 0xFF,
    0xFF, 0xFF, 0xFF, 0xFF, 0xFF, 0xFF, 0xFF, 0xFF, 0xFF, 0xFF, 0xFF, 0xFF, 0xFF, 0xFF, 0xFF, 0xFF, 0xFF, 0xFF, 0xFF,
    0xFF, 0xFF, 0xFF, 0xFF, 0xFF, 0xFF, 0xFF, 0xFF, 0xFF, 0xFF, 0xFF, 0xFF, 0xFF, 0xFF, 0xFF, 0xFF, 0xFF, 0xFF, 0xFF,
    0xFF, 0xFF, 0xFF, 0xFF, 0xFF, 0xFF, 0xFF, 0xFF, 0xFF, 0xFF, 0xFF, 0xFF, 0xFF, 0xFF, 0xFF, 0xFF, 0xFF, 0xFF, 0xFF,
    0xFF, 0xFF, 0xFF, 0xFF, 0xFF, 0xFF, 0xFF, 0xFF, 0xFF, 0xFF, 0xFF, 0xFF, 0xFF, 0xFF, 0xFF, 0xFF, 0xFF, 0xFF, 0xFF,
    0xFF, 0xFF, 0xFF, 0xFF, 0xFF, 0xFF, 0xFF, 0xFF, 0xFF, 0xFF, 0x01, 0x21, 0x1E, 0x16, 0x11, 0x0A, 0xAD, 0xD4, 0xBA,
    0xBB, 0xFF, 0xFF, 0xFF, 0xFF, 0xFF, 0xFF, 0xFF, 0xFF, 0xFF, 0xFF, 0xFF, 0xFF, 0xFF, 0xFF, 0xFF, 0xFF, 0xFF, 0xFF,
    0xFF, 0xFF, 0xFF, 0xFF, 0xFF, 0xFF, 0xFF, 0xFF, 0xFF, 0xFF, 0xFF, 0xFF, 0xFF, 0xFF, 0xFF, 0xFF, 0xFF, 0xFF, 0xFF,
    0xFF, 0xFF, 0xFF, 0xFF, 0xFF, 0xFF, 0xFF, 0xFF, 0xFF, 0xFF, 0xFF, 0xFF, 0xFF, 0xFF, 0xFF, 0xFF, 0xFF, 0xFF, 0xFF,
    0xFF, 0xFF, 0xFF, 0xFF, 0xFF, 0xFF, 0xFF, 0xFF, 0xFF, 0xFF, 0xFF, 0xFF, 0xFF, 0xFF, 0xFF, 0xFF, 0xFF, 0xFF, 0xFF,
    0xFF, 0xFF, 0xFF, 0xFF, 0xFF, 0xFF, 0xFF, 0xFF, 0xFF, 0xFF, 0xFF, 0xFF, 0xFF, 0xFF, 0xFF, 0xFF, 0xFF, 0xFF, 0xFF,
    0xFF, 0xFF, 0xFF, 0xFF, 0xFF, 0xFF, 0xFF, 0xFF, 0xFF, 0xFF, 0xFF, 0xFF, 0xFF, 0xFF, 0xFF, 0xFF, 0xFF, 0xFF, 0xFF,
    0xFF, 0xFF, 0xFF, 0xFF, 0xFF, 0xFF, 0xFF, 0xFF, 0xFF, 0xFF, 0x01, 0x02, 0xFF, 0xFF, 0xFF, 0xFF, 0xFF, 0xFF, 0xFF,
    0xFF, 0xFF, 0xFF, 0xFF, 0xFF, 0xFF, 0xFF, 0x01, 0x23, 0x19, 0x18, 0x1A, 0x0B, 0xAD, 0xD4, 0xBA, 0xBB, 0xFF, 0xFF,
    0xFF, 0xFF, 0xFF, 0xFF, 0xFF, 0xFF, 0xFF, 0xFF, 0xFF, 0xFF, 0xFF, 0xFF, 0xFF, 0xFF, 0xFF, 0xFF, 0xFF, 0xFF, 0xFF,
    0xFF, 0xFF, 0xFF, 0xFF, 0xFF, 0xFF, 0xFF, 0xFF, 0xFF, 0xFF, 0xFF, 0xFF, 0xFF, 0xFF, 0xFF, 0xFF, 0xFF, 0xFF, 0xFF,
    0xFF, 0xFF, 0xFF, 0xFF, 0xFF, 0xFF, 0xFF, 0xFF, 0xFF, 0xFF, 0xFF, 0xFF, 0xFF, 0xFF, 0xFF, 0xFF, 0xFF, 0xFF, 0xFF,
    0xFF, 0xFF, 0xFF, 0xFF, 0xFF, 0xFF, 0xFF, 0xFF, 0xFF, 0xFF, 0xFF, 0xFF, 0xFF, 0xFF, 0xFF, 0xFF, 0xFF, 0xFF, 0xFF,
    0xFF, 0xFF, 0xFF, 0xFF, 0xFF, 0xFF, 0xFF, 0xFF, 0xFF, 0xFF, 0xFF, 0xFF, 0xFF, 0xFF, 0xFF, 0xFF, 0xFF, 0xFF, 0xFF,
    0xFF, 0xFF, 0xFF, 0xFF, 0xFF, 0xFF, 0xFF, 0xFF, 0xFF, 0xFF, 0xFF, 0xFF, 0xFF, 0xFF, 0xFF, 0xFF, 0xFF, 0xFF, 0xFF,
    0xFF, 0xFF, 0xFF, 0xFF, 0xFF, 0xFF, 0xFF, 0x01, 0x72, 0x83, 0x7B, 0xBC, 0xFF, 0xFF, 0xFF, 0xFF, 0xFF, 0xFF, 0xFF,
    0xFF, 0xFF, 0xFF, 0xFF, 0xBC, 0x28, 0x1E, 0x18, 0x1A, 0x0B, 0xAD, 0xD4, 0xBA, 0xBB, 0xFF, 0xFF, 0xFF, 0xFF, 0xFF,
    0xFF, 0xFF, 0xFF, 0xFF, 0xFF, 0xFF, 0xFF, 0xFF, 0xFF, 0xFF, 0xFF, 0xFF, 0xFF, 0xFF, 0xFF, 0xFF, 0xFF, 0xFF, 0xFF,
    0xFF, 0xFF, 0xFF, 0xFF, 0xFF, 0xFF, 0xFF, 0xFF, 0xFF, 0xFF, 0xFF, 0xFF, 0xFF, 0xFF, 0xFF, 0xFF, 0xFF, 0xFF, 0xFF,
    0xFF, 0xFF, 0xFF, 0xFF, 0xFF, 0xFF, 0xFF, 0xFF, 0xFF, 0xFF, 0xFF, 0xFF, 0xFF, 0xFF, 0xFF, 0xFF, 0xFF, 0xFF, 0xFF,
    0xFF, 0xFF, 0xFF, 0xFF, 0xFF, 0xFF, 0xFF, 0xFF, 0xFF, 0xFF, 0xFF, 0xFF, 0xFF, 0xFF, 0xFF, 0xFF, 0xFF, 0xFF, 0xFF,
    0xFF, 0xFF, 0xFF, 0xFF, 0xFF, 0xFF, 0xFF, 0xFF, 0xFF, 0xFF, 0xFF, 0xFF, 0xFF, 0xFF, 0xFF, 0xFF, 0xFF, 0xFF, 0xFF,
    0xFF, 0xFF, 0xFF, 0xFF, 0xFF, 0xFF, 0xFF, 0xFF, 0xFF, 0xFF, 0xFF, 0xFF, 0xFF, 0xFF, 0xFF, 0xFF, 0xFF, 0xFF, 0xFF,
    0xFF, 0xFF, 0xFF, 0xFF, 0x01, 0x74, 0x8E, 0x94, 0x83, 0x75, 0xBB, 0xFF, 0xFF, 0xFF, 0xFF, 0xFF, 0xFF, 0xFF, 0xFF,
    0xFF, 0xBC, 0x28, 0x19, 0x18, 0x10, 0x0B, 0xF7, 0xD4, 0xBA, 0xBB, 0xFF, 0xFF, 0xFF, 0xFF, 0xFF, 0xFF, 0xFF, 0xFF,
    0xFF, 0xFF, 0xFF, 0xFF, 0xFF, 0xFF, 0xFF, 0xFF, 0xFF, 0xFF, 0xFF, 0xFF, 0xFF, 0xFF, 0xFF, 0xFF, 0xFF, 0xFF, 0xFF,
    0xFF, 0xFF, 0xFF, 0xFF, 0xFF, 0xFF, 0xFF, 0xFF, 0xFF, 0xFF, 0xFF, 0xFF, 0xFF, 0xFF, 0xFF, 0xFF, 0xFF, 0xFF, 0xFF,
    0xFF, 0xFF, 0xFF, 0xFF, 0xFF, 0xFF, 0xFF, 0xFF, 0xFF, 0xFF, 0xFF, 0xFF, 0xFF, 0xFF, 0xFF, 0xFF, 0xFF, 0xFF, 0xFF,
    0xFF, 0xFF, 0xFF, 0xFF, 0xFF, 0xFF, 0xFF, 0xFF, 0xFF, 0xFF, 0xFF, 0xFF, 0xFF, 0xFF, 0xFF, 0xFF, 0xFF, 0xFF, 0xFF,
    0xFF, 0xFF, 0xFF, 0xFF, 0xFF, 0xFF, 0xFF, 0xFF, 0xFF, 0xFF, 0xFF, 0xFF, 0xFF, 0xFF, 0xFF, 0xFF, 0xFF, 0xFF, 0xFF,
    0xFF, 0xFF, 0xFF, 0xFF, 0xFF, 0xFF, 0xFF, 0xFF, 0xFF, 0xFF, 0xFF, 0xFF, 0xFF, 0xFF, 0xFF, 0xFF, 0xFF, 0xFF, 0xFF,
    0xFF, 0x01, 0x80, 0x04, 0xFB, 0xFB, 0xFA, 0x7E, 0x72, 0xB6, 0xBC, 0xFD, 0xFF, 0xFF, 0xFF, 0xFF, 0xFF, 0xBC, 0x25,
    0x17, 0x18, 0x19, 0x0B, 0xAD, 0xAD, 0xBA, 0xBB, 0xFF, 0xFF, 0xFF, 0xFF, 0xFF, 0xFF, 0xFF, 0xFF, 0xFF, 0xFF, 0xFF,
    0xFF, 0xFF, 0xFF, 0xFF, 0xFF, 0xFF, 0xFF, 0xFF, 0xFF, 0xFF, 0xFF, 0xFF, 0xFF, 0xFF, 0xFF, 0xFF, 0xFF, 0xFF, 0xFF,
    0xFF, 0xFF, 0xFF, 0xFF, 0xFF, 0xFF, 0xFF, 0xFF, 0xFF, 0xFF, 0xFF, 0xFF, 0xFF, 0xFF, 0xFF, 0xFF, 0xFF, 0xFF, 0xFF,
    0xFF, 0xFF, 0xFF, 0xFF, 0xFF, 0xFF, 0xFF, 0xFF, 0xFF, 0xFF, 0xFF, 0xFF, 0xFF, 0xFF, 0xFF, 0xFF, 0xFF, 0xFF, 0xFF,
    0xFF, 0xFF, 0xFF, 0xFF, 0xFF, 0xFF, 0xFF, 0xFF, 0xFF, 0xFF, 0xFF, 0xFF, 0xFF, 0xFF, 0xFF, 0xFF, 0xFF, 0xFF, 0xFF,
    0xFF, 0xFF, 0xFF, 0xFF, 0xFF, 0xFF, 0xFF, 0xFF, 0xFF, 0xFF, 0xFF, 0xFF, 0xFF, 0xFF, 0xFF, 0xFF, 0xFF, 0xFF, 0xFF,
    0xFF, 0xFF, 0xFF, 0xFF, 0xFF, 0xFF, 0xFF, 0xFF, 0xFF, 0xFF, 0xFF, 0xFF, 0xFF, 0xFF, 0xFF, 0xFF, 0xFF, 0x79, 0x72,
    0x90, 0xFB, 0x00, 0x92, 0x94, 0x8D, 0x98, 0x87, 0xB2, 0xBB, 0xBC, 0xBC, 0xFF, 0xFF, 0xBB, 0x63, 0x0C, 0x17, 0x19,
    0x21, 0xB0, 0x8A, 0xBA, 0xB6, 0xFF, 0xFF, 0xFF, 0xFF, 0xFF, 0xFF, 0xFF, 0xFF, 0xFF, 0xFF, 0xFF, 0xFF, 0xFF, 0xFF,
    0xFF, 0xFF, 0xFF, 0xFF, 0xFF, 0xFF, 0xFF, 0xFF, 0xFF, 0xFF, 0xFF, 0xFF, 0xFF, 0xFF, 0xFF, 0xFF, 0xFF, 0xFF, 0xFF,
    0xFF, 0xFF, 0xFF, 0xFF, 0xFF, 0xFF, 0xFF, 0xFF, 0xFF, 0xFF, 0xFF, 0xFF, 0xFF, 0xFF, 0xFF, 0xFF, 0xFF, 0xFF, 0xFF,
    0xFF, 0xFF, 0xFF, 0xFF, 0xFF, 0xFF, 0xFF, 0xFF, 0xFF, 0xFF, 0xFF, 0xFF, 0xFF, 0xFF, 0xFF, 0xFF, 0xFF, 0xFF, 0xFF,
    0xFF, 0xFF, 0xFF, 0xFF, 0xFF, 0xFF, 0xFF, 0xFF, 0xFF, 0xFF, 0xFF, 0xFF, 0xFF, 0xFF, 0xFF, 0xFF, 0xFF, 0xFF, 0xFF,
    0xFF, 0xFF, 0xFF, 0xFF, 0xFF, 0xFF, 0xFF, 0xFF, 0xFF, 0xFF, 0xFF, 0xFF, 0xFF, 0xFF, 0xFF, 0xFF, 0xFF, 0xFF, 0xFF,
    0xFF, 0xFF, 0xFF, 0xFF, 0xFF, 0xFF, 0xFF, 0xFF, 0xFF, 0xFF, 0xFF, 0xFF, 0xFF, 0xFF, 0x01, 0x80, 0xF3, 0xFB, 0x8E,
    0x92, 0x9E, 0x94, 0xF3, 0x93, 0x98, 0x72, 0xB2, 0xBB, 0xBC, 0xBC, 0xBB, 0x09, 0x12, 0x15, 0x0F, 0x21, 0xB4, 0xD4,
    0xB3, 0xB6, 0xFF, 0xFF, 0xFF, 0xFF, 0xFF, 0xFF, 0xFF, 0xFF, 0xFF, 0xFF, 0xFF, 0xFF, 0xFF, 0xFF, 0xFF, 0xFF, 0xFF,
    0xFF, 0xFF, 0xFF, 0xFF, 0xFF, 0xFF, 0xFF, 0xFF, 0xFF, 0xFF, 0xFF, 0xFF, 0xFF, 0xFF, 0xFF, 0xFF, 0xFF, 0xFF, 0xFF,
    0xFF, 0xFF, 0xFF, 0xFF, 0xFF, 0xFF, 0xFF, 0xFF, 0xFF, 0xFF, 0xFF, 0xFF, 0xFF, 0xFF, 0xFF, 0xFF, 0xFF, 0xFF, 0xFF,
    0xFF, 0xFF, 0xFF, 0xFF, 0xFF, 0xFF, 0xFF, 0xFF, 0xFF, 0xFF, 0xFF, 0xFF, 0xFF, 0xFF, 0xFF, 0xFF, 0xFF, 0xFF, 0xFF,
    0xFF, 0xFF, 0xFF, 0xFF, 0xFF, 0xFF, 0xFF, 0xFF, 0xFF, 0xFF, 0xFF, 0xFF, 0xFF, 0xFF, 0xFF, 0xFF, 0xFF, 0xFF, 0xFF,
    0xFF, 0xFF, 0xFF, 0xFF, 0xFF, 0xFF, 0xFF, 0xFF, 0xFF, 0xFF, 0xFF, 0xFF, 0xFF, 0xFF, 0xFF, 0xFF, 0xFF, 0xFF, 0xFF,
    0xFF, 0xFF, 0xFF, 0xFF, 0xFD, 0xFF, 0xFF, 0xFF, 0xFF, 0xFF, 0xBC, 0xFC, 0xB6, 0x82, 0x8F, 0x8D, 0x94, 0x94, 0x94,
    0x94, 0x94, 0xF3, 0x93, 0xFB, 0x87, 0x5E, 0x61, 0xB2, 0xA4, 0x0C, 0x12, 0x13, 0x0D, 0xB7, 0xB8, 0xB5, 0xB6, 0xFD,
    0xFF, 0xFF, 0xFF, 0xFF, 0xFF, 0xFF, 0xFF, 0xFF, 0xFF, 0xFF, 0xFF, 0xFF, 0xFF, 0xFF, 0xFF, 0xFF, 0xFF, 0xFF, 0xFF,
    0xFF, 0xFF, 0xFF, 0xFF, 0xFF, 0xFF, 0xFF, 0xFF, 0xFF, 0xFF, 0xFF, 0xFF, 0xFF, 0xFF, 0xFF, 0xFF, 0xFF, 0xFF, 0xFF,
    0xFF, 0xFF, 0xFF, 0xFF, 0xFF, 0xFF, 0xFF, 0xFF, 0xFF, 0xFF, 0xFF, 0xFF, 0xFF, 0xFF, 0xFF, 0xFF, 0xFF, 0xFF, 0xFF,
    0xFF, 0xFF, 0xFF, 0xFF, 0xFF, 0xFF, 0xFF, 0xFF, 0xFF, 0xFF, 0xFF, 0xFF, 0xFF, 0xFF, 0xFF, 0xFF, 0xFF, 0xFF, 0xFF,
    0xFF, 0xFF, 0xFF, 0xFF, 0xFF, 0xFF, 0xFF, 0xFF, 0xFF, 0xFF, 0xFF, 0xFF, 0xFF, 0xFF, 0xFF, 0xFF, 0xFF, 0xFF, 0xFF,
    0xFF, 0xFF, 0xFF, 0xFF, 0xFF, 0xFF, 0xFF, 0xFF, 0xFF, 0xFF, 0xFF, 0xFF, 0xFF, 0xFF, 0xFF, 0xFF, 0xFF, 0xFF, 0xFF,
    0xFD, 0xBC, 0xBC, 0xBC, 0xFD, 0xBC, 0xBC, 0xBC, 0xF8, 0xB6, 0xB9, 0x84, 0x90, 0x8D, 0x00, 0xF3, 0xF3, 0xD6, 0xD6,
    0xF3, 0xF3, 0x93, 0x90, 0x6D, 0x62, 0x30, 0x1A, 0x15, 0xFE, 0x0D, 0xAF, 0xB8, 0xB5, 0xF8, 0xFD, 0xFF, 0xFF, 0xFF,
    0xFF, 0xFF, 0xFF, 0xFF, 0xFF, 0xFF, 0xFF, 0xFF, 0xFF, 0xFF, 0xFF, 0xFF, 0xFF, 0xFF, 0xFF, 0xFF, 0xFF, 0xFF, 0xFF,
    0xFF, 0xFF, 0xFF, 0xFF, 0xFF, 0xFF, 0xFF, 0xFF, 0xFF, 0xFF, 0xFF, 0xFF, 0xFF, 0xFF, 0xFF, 0xFF, 0xFF, 0xFF, 0xFF,
    0xFF, 0xFF, 0xFF, 0xFF, 0xFF, 0xFF, 0xFF, 0xFF, 0xFF, 0xFF, 0xFF, 0xFF, 0xFF, 0xFF, 0xFF, 0xFF, 0xFF, 0xFF, 0xFF,
    0xFF, 0xFF, 0xFF, 0xFF, 0xFF, 0xFF, 0xFF, 0xFF, 0xFF, 0xFF, 0xFF, 0xFF, 0xFF, 0xFF, 0xFF, 0xFF, 0xFF, 0xFF, 0xFF,
    0xFF, 0xFF, 0xFF, 0xFF, 0xFF, 0xFF, 0xFF, 0xFF, 0xFF, 0xFF, 0xFF, 0xFF, 0xFF, 0xFF, 0xFF, 0xFF, 0xFF, 0xFF, 0xFF,
    0xFF, 0xFF, 0xFF, 0xFF, 0xFF, 0xFF, 0xFF, 0xFF, 0xFF, 0xFF, 0xFF, 0xFF, 0xFF, 0xFF, 0xFD, 0xFD, 0xBC, 0x01, 0x01,
    0xBC, 0xFC, 0xBC, 0xBC, 0x01, 0xB6, 0xB2, 0x82, 0x72, 0x8E, 0x8E, 0x8F, 0x93, 0x00, 0xFA, 0x8D, 0x8D, 0x00, 0x96,
    0xD6, 0x8D, 0x94, 0x75, 0x53, 0x26, 0x12, 0x0E, 0xAF, 0xB8, 0xB9, 0xB6, 0xBC, 0xFF, 0xFF, 0xFF, 0xFF, 0xFF, 0xFF,
    0xFF, 0xFF, 0xFF, 0xFF, 0xFF, 0xFF, 0xFF, 0xFF, 0xFF, 0xFF, 0xFF, 0xFF, 0xFF, 0xFF, 0xFF, 0xFF, 0xFF, 0xFF, 0xFF,
    0xFF, 0xFF, 0xFF, 0xFF, 0xFF, 0xFF, 0xFF, 0xFF, 0xFF, 0xFF, 0xFF, 0xFF, 0xFF, 0xFF, 0xFF, 0xFF, 0xFF, 0xFF, 0xFF,
    0xFF, 0xFF, 0xFF, 0xFF, 0xFF, 0xFF, 0xFF, 0xFF, 0xFF, 0xFF, 0xFF, 0xFF, 0xFF, 0xFF, 0xFF, 0xFF, 0xFF, 0xFF, 0xFF,
    0xFF, 0xFF, 0xFF, 0xFF, 0xFF, 0xFF, 0xFF, 0xFF, 0xFF, 0xFF, 0xFF, 0xFF, 0xFF, 0xFF, 0xFF, 0xFF, 0xFF, 0xFF, 0xFF,
    0xFF, 0xFF, 0xFF, 0xFF, 0xFF, 0xFF, 0xFF, 0xFF, 0xFF, 0xFF, 0xFF, 0xFF, 0xFF, 0xFF, 0xFF, 0xFF, 0xFF, 0xFF, 0xFF,
    0xFF, 0xFF, 0xFF, 0xFF, 0xFF, 0xFF, 0xFF, 0xFF, 0xFF, 0xFF, 0xFF, 0xFD, 0xBC, 0xBC, 0xFC, 0xFC, 0xBB, 0xFC, 0xBB,
    0xBB, 0xBB, 0xB6, 0xB9, 0xB9, 0x72, 0xFB, 0x8E, 0x90, 0x90, 0x90, 0x00, 0x00, 0x8D, 0x8D, 0x94, 0x98, 0xF5, 0x8E,
    0x94, 0x05, 0x72, 0x37, 0x28, 0x7B, 0xB5, 0xB9, 0xB9, 0xBB, 0xBC, 0xFF, 0xFF, 0xFF, 0xFF, 0xFF, 0xFF, 0xFF, 0xFF,
    0xFF, 0xFF, 0xFF, 0xFF, 0xFF, 0xFF, 0xFF, 0xFF, 0xFF, 0xFF, 0xFF, 0xFF, 0xFF, 0xFF, 0xFF, 0xFF, 0xFF, 0xFF, 0xFF,
    0xFF, 0xFF, 0xFF, 0xFF, 0xFF, 0xFF, 0xFF, 0xFF, 0xFF, 0xFF, 0xFF, 0xFF, 0xFF, 0xFF, 0xFF, 0xFF, 0xFF, 0xFF, 0xFF,
    0xFF, 0xFF, 0xFF, 0xFF, 0xFF, 0xFF, 0xFF, 0xFF, 0xFF, 0xFF, 0xFF, 0xFF, 0xFF, 0xFF, 0xFF, 0xFF, 0xFF, 0xFF, 0xFF,
    0xFF, 0xFF, 0xFF, 0xFF, 0xFF, 0xFF, 0xFF, 0xFF, 0xFF, 0xFF, 0xFF, 0xFF, 0xFF, 0xFF, 0xFF, 0xFF, 0xFF, 0xFF, 0xFF,
    0xFF, 0xFF, 0xFF, 0xFF, 0xFF, 0xFF, 0xFF, 0xFF, 0xFF, 0xFF, 0xFF, 0xFF, 0xFF, 0xFF, 0xFF, 0xFF, 0xFF, 0xFF, 0xFF,
    0xFF, 0xFF, 0xFF, 0xFF, 0xFF, 0xFF, 0xFF, 0xFD, 0xBC, 0xBC, 0xBC, 0xBB, 0xBB, 0xBB, 0xF8, 0xBB, 0xBB, 0xB6, 0xB6,
    0xB9, 0xB5, 0x72, 0x04, 0x8E, 0x90, 0x90, 0x90, 0x90, 0x96, 0x93, 0x00, 0x8D, 0xF3, 0xD6, 0x8E, 0x7D, 0x92, 0x8F,
    0x92, 0x76, 0x5E, 0xA4, 0xB5, 0xB2, 0xB6, 0xFC, 0xBC, 0xFF, 0xFF, 0xFF, 0xFF, 0xFF, 0xFF, 0xFF, 0xFF, 0xFF, 0xFF,
    0xFF, 0xFF, 0xFF, 0xFF, 0xFF, 0xFF, 0xFF, 0xFF, 0xFF, 0xFF, 0xFF, 0xFF, 0xFF, 0xFF, 0xFF, 0xFF, 0xFF, 0xFF, 0xFF,
    0xFF, 0xFF, 0xFF, 0xFF, 0xFF, 0xFF, 0xFF, 0xFF, 0xFF, 0xFF, 0xFF, 0xFF, 0xFF, 0xFF, 0xFF, 0xFF, 0xFF, 0xFF, 0xFF,
    0xFF, 0xFF, 0xFF, 0xFF, 0xFF, 0xFF, 0xFF, 0xFF, 0xFF, 0xFF, 0xFF, 0xFF, 0xFF, 0xFF, 0xFF, 0xFF, 0xFF, 0xFF, 0xFF,
    0xFF, 0xFF, 0xFF, 0xFF, 0xFF, 0xFF, 0xFF, 0xFF, 0xFF, 0xFF, 0xFF, 0xFF, 0xFF, 0xFF, 0xFF, 0xFF, 0xFF, 0xFF, 0xFF,
    0xFF, 0xFF, 0xFF, 0xFF, 0xFF, 0xFF, 0xFF, 0xFF, 0xFF, 0xFF, 0xFF, 0xFF, 0xFF, 0xFF, 0xFF, 0xFF, 0xFF, 0xFF, 0xFF,
    0xFF, 0xFF, 0xFF, 0xFD, 0xBC, 0xBC, 0xFC, 0xBB, 0xBB, 0xB6, 0xF8, 0xB6, 0xB6, 0xF8, 0xB6, 0xB6, 0xB9, 0xB5, 0x80,
    0x8F, 0xFB, 0x8E, 0x97, 0x90, 0x90, 0x97, 0x97, 0x90, 0x94, 0x00, 0xFA, 0x94, 0x90, 0x92, 0x7D, 0x70, 0x6E, 0x7E,
    0x74, 0x82, 0xB9, 0xB6, 0xF8, 0xBC, 0xFD, 0xFF, 0xFF, 0xFF, 0xFF, 0xFF, 0xFF, 0xFF, 0xFF, 0xFF, 0xFF, 0xFF, 0xFF,
    0xFF, 0xFF, 0xFF, 0xFF, 0xFF, 0xFF, 0xFF, 0xFF, 0xFF, 0xFF, 0xFF, 0xFF, 0xFF, 0xFF, 0xFF, 0xFF, 0xFF, 0xFF, 0xFF,
    0xFF, 0xFF, 0xFF, 0xFF, 0xFF, 0xFF, 0xFF, 0xFF, 0xFF, 0xFF, 0xFF, 0xFF, 0xFF, 0xFF, 0xFF, 0xFF, 0xFF, 0xFF, 0xFF,
    0xFF, 0xFF, 0xFF, 0xFF, 0xFF, 0xFF, 0xFF, 0xFF, 0xFF, 0xFF, 0xFF, 0xFF, 0xFF, 0xFF, 0xFF, 0xFF, 0xFF, 0xFF, 0xFF,
    0xFF, 0xFF, 0xFF, 0xFF, 0xFF, 0xFF, 0xFF, 0xFF, 0xFF, 0xFF, 0xFF, 0xFF, 0xFF, 0xFF, 0xFF, 0xFF, 0xFF, 0xFF, 0xFF,
    0xFF, 0xFF, 0xFF, 0xFF, 0xFF, 0xFF, 0xFF, 0xFF, 0xFF, 0xFF, 0xFF, 0xFF, 0xFF, 0xFF, 0xFF, 0xFF, 0xFF, 0xFF, 0xFF,
    0xBC, 0x01, 0xBC, 0xFC, 0xBB, 0xB6, 0xB6, 0xB6, 0xB6, 0xB6, 0xB6, 0xB6, 0xB9, 0xBA, 0xB3, 0xB0, 0xFB, 0xFB, 0xF5,
    0x8E, 0x97, 0x8E, 0x97, 0x97, 0x97, 0x97, 0x85, 0x98, 0xFA, 0x94, 0x8F, 0x91, 0x8E, 0x6F, 0x6D, 0x70, 0x7F, 0xA4,
    0xB8, 0xBB, 0xBC, 0xBC, 0xBC, 0xFD, 0xBC, 0xFD, 0xFF, 0xFF, 0xFF, 0xFF, 0xFF, 0xFF, 0xFF, 0xFF, 0xFF, 0xFF, 0xFF,
    0xFF, 0xFF, 0xFF, 0xFF, 0xFF, 0xFF, 0xFF, 0xFF, 0xFF, 0xFF, 0xFF, 0xFF, 0xFF, 0xFF, 0xFF, 0xFF, 0xFF, 0xFF, 0xFF,
    0xFF, 0xFF, 0xFF, 0xFF, 0xFF, 0xFF, 0xFF, 0xFF, 0xFF, 0xFF, 0xFF, 0xFF, 0xFF, 0xFF, 0xFF, 0xFF, 0xFF, 0xFF, 0xFF,
    0xFF, 0xFF, 0xFF, 0xFF, 0xFF, 0xFF, 0xFF, 0xFF, 0xFF, 0xFF, 0xFF, 0xFF, 0xFF, 0xFF, 0xFF, 0xFF, 0xFF, 0xFF, 0xFF,
    0xFF, 0xFF, 0xFF, 0xFF, 0xFF, 0xFF, 0xFF, 0xFF, 0xFF, 0xFF, 0xFF, 0xFF, 0xFF, 0xFF, 0xFF, 0xFF, 0xFF, 0xFF, 0xFF,
    0xFF, 0xFF, 0xFF, 0xFF, 0xFF, 0xFF, 0xFF, 0xFF, 0xFF, 0xFF, 0xFF, 0xFF, 0xFF, 0xFF, 0xFF, 0xFF, 0xBC, 0xBC, 0xFC,
    0xBB, 0xB6, 0xB6, 0xB6, 0xB6, 0xB6, 0xB6, 0xB2, 0xB9, 0xB5, 0xB3, 0xB7, 0xAB, 0x97, 0xFB, 0xF5, 0xF5, 0x8E, 0x97,
    0x97, 0x97, 0x90, 0x96, 0x96, 0x85, 0x9B, 0x9C, 0x90, 0x90, 0x7E, 0x72, 0xA0, 0x6B, 0x74, 0x6A, 0x72, 0x59, 0x01,
    0xFF, 0xFF, 0xFF, 0xFD, 0xBC, 0xBC, 0xFD, 0xFF, 0xFF, 0xFF, 0xFF, 0xFF, 0xFF, 0xFF, 0xFF, 0xFF, 0xFF, 0xFF, 0xFF,
    0xFF, 0xFF, 0xFF, 0xFF, 0xFF, 0xFF, 0xFF, 0xFF, 0xFF, 0xFF, 0xFF, 0xFF, 0xFF, 0xFF, 0xFF, 0xFF, 0xFF, 0xFF, 0xFF,
    0xFF, 0xFF, 0xFF, 0xFF, 0xFF, 0xFF, 0xFF, 0xFF, 0xFF, 0xFF, 0xFF, 0xFF, 0xFF, 0xFF, 0xFF, 0xFF, 0xFF, 0xFF, 0xFF,
    0xFF, 0xFF, 0xFF, 0xFF, 0xFF, 0xFF, 0xFF, 0xFF, 0xFF, 0xFF, 0xFF, 0xFF, 0xFF, 0xFF, 0xFF, 0xFF, 0xFF, 0xFF, 0xFF,
    0xFF, 0xFF, 0xFF, 0xFF, 0xFF, 0xFF, 0xFF, 0xFF, 0xFF, 0xFF, 0xFF, 0xFF, 0xFF, 0xFF, 0xFF, 0xFF, 0xFF, 0xFF, 0xFF,
    0xFF, 0xFF, 0xFF, 0xFF, 0xFF, 0xFF, 0xFF, 0xFF, 0xFF, 0xFF, 0xFF, 0xFF, 0xBC, 0xBC, 0xBC, 0xFC, 0xBB, 0xB6, 0xB6,
    0xB6, 0xB6, 0xB9, 0xB2, 0xB9, 0xB9, 0xBA, 0xB8, 0xF4, 0xAA, 0xF5, 0xD6, 0x94, 0xF5, 0xF5, 0xF5, 0x97, 0x96, 0x96,
    0x90, 0x96, 0x95, 0x7D, 0x91, 0x9C, 0x83, 0x98, 0x92, 0x67, 0x73, 0x68, 0x75, 0x7B, 0x73, 0x6B, 0x78, 0xFF, 0xFF,
    0xFF, 0xFD, 0xBC, 0xBC, 0xFD, 0xFF, 0xFF, 0xFF, 0xFF, 0xFF, 0xFF, 0xFF, 0xFF, 0xFF, 0xFF, 0xFF, 0xFF, 0xFF, 0xFF,
    0xFF, 0xFF, 0xFF, 0xFF, 0xFF, 0xFF, 0xFF, 0xFF, 0xFF, 0xFF, 0xFF, 0xFF, 0xFF, 0xFF, 0xFF, 0xFF, 0xFF, 0xFF, 0xFF,
    0xFF, 0xFF, 0xFF, 0xFF, 0xFF, 0xFF, 0xFF, 0xFF, 0xFF, 0xFF, 0xFF, 0xFF, 0xFF, 0xFF, 0xFF, 0xFF, 0xFF, 0xFF, 0xFF,
    0xFF, 0xFF, 0xFF, 0xFF, 0xFF, 0xFF, 0xFF, 0xFF, 0xFF, 0xFF, 0xFF, 0xFF, 0xFF, 0xFF, 0xFF, 0xFF, 0xFF, 0xFF, 0xFF,
    0xFF, 0xFF, 0xFF, 0xFF, 0xFF, 0xFF, 0xFF, 0xFF, 0xFF, 0xFF, 0xFF, 0xFF, 0xFF, 0xFF, 0xFF, 0xFF, 0xFF, 0xFF, 0xFF,
    0xFF, 0xFF, 0xFF, 0xFF, 0xFF, 0xFF, 0xFF, 0xFF, 0xFF, 0xFF, 0xBC, 0xBC, 0xFC, 0xB6, 0xB6, 0xB6, 0xB6, 0xB2, 0xB9,
    0xB9, 0xB9, 0xB5, 0xBA, 0xB7, 0xF7, 0x9F, 0x94, 0xD6, 0xD6, 0x94, 0x94, 0x8E, 0x97, 0x97, 0x96, 0x95, 0x95, 0x98,
    0x7D, 0x7E, 0x9C, 0x83, 0x70, 0x7F, 0x69, 0x7E, 0x72, 0x68, 0x5E, 0x59, 0x02, 0x68, 0x75, 0x78, 0xBC, 0xFF, 0xFF,
    0xFD, 0xFD, 0xFD, 0xFF, 0xFF, 0xFF, 0xFF, 0xFF, 0xFF, 0xFF, 0xFF, 0xFF, 0xFF, 0xFF, 0xFF, 0xFF, 0xFF, 0xFF, 0xFF,
    0xFF, 0xFF, 0xFF, 0xFF, 0xFF, 0xFF, 0xFF, 0xFF, 0xFF, 0xFF, 0xFF, 0xFF, 0xFF, 0xFF, 0xFF, 0xFF, 0xFF, 0xFF, 0xFF,
    0xFF, 0xFF, 0xFF, 0xFF, 0xFF, 0xFF, 0xFF, 0xFF, 0xFF, 0xFF, 0xFF, 0xFF, 0xFF, 0xFF, 0xFF, 0xFF, 0xFF, 0xFF, 0xFF,
    0xFF, 0xFF, 0xFF, 0xFF, 0xFF, 0xFF, 0xFF, 0xFF, 0xFF, 0xFF, 0xFF, 0xFF, 0xFF, 0xFF, 0xFF, 0xFF, 0xFF, 0xFF, 0xFF,
    0xFF, 0xFF, 0xFF, 0xFF, 0xFF, 0xFF, 0xFF, 0xFF, 0xFF, 0xFF, 0xFF, 0xFF, 0xFF, 0xFF, 0xFF, 0xFF, 0xFF, 0xFF, 0xFF,
    0xFF, 0xFF, 0xFF, 0xFF, 0xFF, 0xFF, 0xBC, 0xBC, 0xBC, 0xBB, 0xBB, 0xB6, 0xB6, 0xB6, 0xB9, 0xB9, 0xB9, 0xB5, 0xBA,
    0xBA, 0xB4, 0xF7, 0xAE, 0x94, 0xF3, 0xD6, 0xD6, 0x94, 0xF5, 0x97, 0x97, 0x97, 0x9D, 0x95, 0x7D, 0x7D, 0x92, 0x92,
    0x92, 0x9E, 0xA5, 0x7F, 0x80, 0x7E, 0x6C, 0x6B, 0xA4, 0x84, 0xA0, 0x77, 0x60, 0x02, 0x78, 0xBC, 0xFD, 0xBC, 0xBC,
    0xBC, 0xFF, 0xFF, 0xFF, 0xFF, 0xFF, 0xFF, 0xFF, 0xFF, 0xFF, 0xFF, 0xFF, 0xFF, 0xFF, 0xFF, 0xFF, 0xFF, 0xFF, 0xFF,
    0xFF, 0xFF, 0xFF, 0xFF, 0xFF, 0xFF, 0xFF, 0xFF, 0xFF, 0xFF, 0xFF, 0xFF, 0xFF, 0xFF, 0xFF, 0xFF, 0xFF, 0xFF, 0xFF,
    0xFF, 0xFF, 0xFF, 0xFF, 0xFF, 0xFF, 0xFF, 0xFF, 0xFF, 0xFF, 0xFF, 0xFF, 0xFF, 0xFF, 0xFF, 0xFF, 0xFF, 0xFF, 0xFF,
    0xFF, 0xFF, 0xFF, 0xFF, 0xFF, 0xFF, 0xFF, 0xFF, 0xFF, 0xFF, 0xFF, 0xFF, 0xFF, 0xFF, 0xFF, 0xFF, 0xFF, 0xFF, 0xFF,
    0xFF, 0xFF, 0xFF, 0xFF, 0xFF, 0xFF, 0xFF, 0xFF, 0xFF, 0xFF, 0xFF, 0xFF, 0xFF, 0xFF, 0xFF, 0xFF, 0xFF, 0xFF, 0xFF,
    0xFF, 0xFF, 0xFF, 0xBC, 0xBC, 0x01, 0x01, 0xF8, 0xB6, 0xB6, 0xB2, 0xB9, 0xB9, 0xB9, 0xB5, 0xBA, 0xB8, 0xD4, 0xEF,
    0xAE, 0xF5, 0xC1, 0xF3, 0xD6, 0x94, 0xF5, 0x97, 0x97, 0x96, 0x96, 0x96, 0x98, 0x9A, 0xAB, 0xB3, 0x7F, 0x7E, 0xA7,
    0x70, 0x83, 0x71, 0x73, 0x7F, 0x6A, 0x68, 0x81, 0x02, 0x77, 0x78, 0x77, 0x60, 0x77, 0xBB, 0xBC, 0xBC, 0xBC, 0xFF,
    0xFF, 0xFF, 0xFF, 0xFF, 0xFF, 0xFF, 0xFF, 0xFF, 0xFF, 0xFF, 0xFF, 0xFF, 0xFF, 0xFF, 0xFF, 0xFF, 0xFF, 0xFF, 0xFF,
    0xFF, 0xFF, 0xFF, 0xFF, 0xFF, 0xFF, 0xFF, 0xFF, 0xFF, 0xFF, 0xFF, 0xFF, 0xFF, 0xFF, 0xFF, 0xFF, 0xFF, 0xFF, 0xFF,
    0xFF, 0xFF, 0xFF, 0xFF, 0xFF, 0xFF, 0xFF, 0xFF, 0xFF, 0xFF, 0xFF, 0xFF, 0xFF, 0xFF, 0xFF, 0xFF, 0xFF, 0xFF, 0xFF,
    0xFF, 0xFF, 0xFF, 0xFF, 0xFF, 0xFF, 0xFF, 0xFF, 0xFF, 0xFF, 0xFF, 0xFF, 0xFF, 0xFF, 0xFF, 0xFF, 0xFF, 0xFF, 0xFF,
    0xFF, 0xFF, 0xFF, 0xFF, 0xFF, 0xFF, 0xFF, 0xFF, 0xFF, 0xFF, 0xFF, 0xFF, 0xFF, 0xFF, 0xFF, 0xFF, 0xFF, 0xFF, 0xFD,
    0xBC, 0x01, 0x01, 0xF8, 0xF8, 0xB6, 0xB6, 0xB9, 0xB9, 0xB9, 0xB5, 0xB5, 0xEA, 0xB7, 0xF7, 0xC8, 0xAC, 0xD6, 0xC1,
    0xF3, 0xD6, 0xD6, 0xF5, 0x97, 0x96, 0x96, 0x97, 0x96, 0x96, 0x98, 0xA7, 0xB2, 0xBB, 0x7C, 0x83, 0x9B, 0x9E, 0x83,
    0x6D, 0x78, 0x78, 0x70, 0x72, 0x75, 0x59, 0x77, 0x78, 0x78, 0x77, 0x02, 0x02, 0xBB, 0xBC, 0xBC, 0xFF, 0xFF, 0xFF,
    0xFF, 0xFF, 0xFF, 0xFF, 0xFF, 0xFF, 0xFF, 0xFF, 0xFF, 0xFF, 0xFF, 0xFF, 0xFF, 0xFF, 0xFF, 0xFF, 0xFF, 0xFF, 0xFF,
    0xFF, 0xFF, 0xFF, 0xFF, 0xFF, 0xFF, 0xFF, 0xFF, 0xFF, 0xFF, 0xFF, 0xFF, 0xFF, 0xFF, 0xFF, 0xFF, 0xFF, 0xFF, 0xFF,
    0xFF, 0xFF, 0xFF, 0xFF, 0xFF, 0xFF, 0xFF, 0xFF, 0xFF, 0xFF, 0xFF, 0xFF, 0xFF, 0xFF, 0xFF, 0xFF, 0xFF, 0xFF, 0xFF,
    0xFF, 0xFF, 0xFF, 0xFF, 0xFF, 0xFF, 0xFF, 0xFF, 0xFF, 0xFF, 0xFF, 0xFF, 0xFF, 0xFF, 0xFF, 0xFF, 0xFF, 0xFF, 0xFF,
    0xFF, 0xFF, 0xFF, 0xFF, 0xFF, 0xFF, 0xFF, 0xFF, 0xFF, 0xFF, 0xFF, 0xFF, 0xFF, 0xFF, 0xFF, 0xFF, 0xBC, 0x01, 0xBB,
    0xF8, 0xB6, 0xB6, 0xB2, 0xB2, 0xB9, 0xB9, 0xBA, 0xEA, 0xEA, 0xB4, 0xF2, 0xC7, 0xD0, 0xE1, 0x8D, 0xF3, 0xDB, 0xD6,
    0x94, 0xF5, 0x97, 0x96, 0x96, 0x9D, 0x97, 0x95, 0x98, 0xA7, 0xA4, 0xB6, 0x82, 0xA7, 0xA3, 0x86, 0x84, 0x77, 0xBB,
    0x01, 0x78, 0x73, 0x73, 0xA4, 0x77, 0xB3, 0xB5, 0xB2, 0x77, 0x02, 0x75, 0xBC, 0xFF, 0xFF, 0xFF, 0xFF, 0xFF, 0xFF,
    0xFF, 0xFF, 0xFF, 0xFF, 0xFF, 0xFF, 0xFF, 0xFF, 0xFF, 0xFF, 0xFF, 0xFF, 0xFF, 0xFF, 0xFF, 0xFF, 0xFF, 0xFF, 0xFF,
    0xFF, 0xFF, 0xFF, 0xFF, 0xFF, 0xFF, 0xFF, 0xFF, 0xFF, 0xFF, 0xFF, 0xFF, 0xFF, 0xFF, 0xFF, 0xFF, 0xFF, 0xFF, 0xFF,
    0xFF, 0xFF, 0xFF, 0xFF, 0xFF, 0xFF, 0xFF, 0xFF, 0xFF, 0xFF, 0xFF, 0xFF, 0xFF, 0xFF, 0xFF, 0xFF, 0xFF, 0xFF, 0xFF,
    0xFF, 0xFF, 0xFF, 0xFF, 0xFF, 0xFF, 0xFF, 0xFF, 0xFF, 0xFF, 0xFF, 0xFF, 0xFF, 0xFF, 0xFF, 0xFF, 0xFF, 0xFF, 0xFF,
    0xFF, 0xFF, 0xFF, 0xFF, 0xFF, 0xFF, 0xFF, 0xFF, 0xFF, 0xFF, 0xFF, 0xFF, 0xFF, 0xBC, 0xBC, 0xBB, 0xF8, 0xB6, 0xB6,
    0xB2, 0xB9, 0xB9, 0xBA, 0xBA, 0xEA, 0xB7, 0xF4, 0xF2, 0xC7, 0xC6, 0xCD, 0xC1, 0xDB, 0xF3, 0xD6, 0x94, 0x8E, 0x96,
    0x96, 0x96, 0xD7, 0x95, 0x98, 0x95, 0x95, 0x92, 0x7F, 0xAD, 0x9F, 0x91, 0x9E, 0x6F, 0x82, 0xB2, 0xBB, 0x01, 0xBC,
    0x78, 0x73, 0x55, 0x60, 0x02, 0xBA, 0xB2, 0xB2, 0x02, 0x82, 0xFF, 0xFF, 0xFF, 0xFF, 0xFF, 0xFF, 0xFF, 0xFF, 0xFF,
    0xFF, 0xFF, 0xFF, 0xFF, 0xFF, 0xFF, 0xFF, 0xFF, 0xFF, 0xFF, 0xFF, 0xFF, 0xFF, 0xFF, 0xFF, 0xFF, 0xFF, 0xFF, 0xFF,
    0xFF, 0xFF, 0xFF, 0xFF, 0xFF, 0xFF, 0xFF, 0xFF, 0xFF, 0xFF, 0xFF, 0xFF, 0xFF, 0xFF, 0xFF, 0xFF, 0xFF, 0xFF, 0xFF,
    0xFF, 0xFF, 0xFF, 0xFF, 0xFF, 0xFF, 0xFF, 0xFF, 0xFF, 0xFF, 0xFF, 0xFF, 0xFF, 0xFF, 0xFF, 0xFF, 0xFF, 0xFF, 0xFF,
    0xFF, 0xFF, 0xFF, 0xFF, 0xFF, 0xFF, 0xFF, 0xFF, 0xFF, 0xFF, 0xFF, 0xFF, 0xFF, 0xFF, 0xFF, 0xFF, 0xFF, 0xFF, 0xFF,
    0xFF, 0xFF, 0xFF, 0xFF, 0xFF, 0xFF, 0xFF, 0xFF, 0xFF, 0xFF, 0xFC, 0xBC, 0xFC, 0xBB, 0xB6, 0xB6, 0xB2, 0xB9, 0xB5,
    0xBA, 0xB3, 0xB8, 0xB7, 0xF4, 0xEF, 0xB1, 0xDE, 0xE1, 0x99, 0xC1, 0xDB, 0xD6, 0x94, 0xF5, 0x97, 0x96, 0x8F, 0x95,
    0x98, 0x98, 0x9A, 0x9A, 0x9B, 0x9A, 0x91, 0x7E, 0x9E, 0x9E, 0x7F, 0xA4, 0xBB, 0x7C, 0xBB, 0xBB, 0xBC, 0xBC, 0x78,
    0x74, 0x68, 0x7B, 0x02, 0xB2, 0x6B, 0xB2, 0xBC, 0xFF, 0xFF, 0xFF, 0xFF, 0xFF, 0xFF, 0xFF, 0xFF, 0xFF, 0xFF, 0xFF,
    0xFF, 0xFF, 0xFF, 0xFF, 0xFF, 0xFF, 0xFF, 0xFF, 0xFF, 0xFF, 0xFF, 0xFF, 0xFF, 0xFF, 0xFF, 0xFF, 0xFF, 0xFF, 0xFF,
    0xFF, 0xFF, 0xFF, 0xFF, 0xFF, 0xFF, 0xFF, 0xFF, 0xFF, 0xFF, 0xFF, 0xFF, 0xFF, 0xFF, 0xFF, 0xFF, 0xFF, 0xFF, 0xFF,
    0xFF, 0xFF, 0xFF, 0xFF, 0xFF, 0xFF, 0xFF, 0xFF, 0xFF, 0xFF, 0xFF, 0xFF, 0xFF, 0xFF, 0xFF, 0xFF, 0xFF, 0xFF, 0xFF,
    0xFF, 0xFF, 0xFF, 0xFF, 0xFF, 0xFF, 0xFF, 0xFF, 0xFF, 0xFF, 0xFF, 0xFF, 0xFF, 0xFF, 0xFF, 0xFF, 0xFF, 0xFF, 0xFF,
    0xFF, 0xFF, 0xFF, 0xFF, 0xFF, 0xFF, 0xFD, 0x01, 0x01, 0xBB, 0xB6, 0xB6, 0xB6, 0xB2, 0xB5, 0xB5, 0xBA, 0xEA, 0xB7,
    0xB7, 0xD4, 0xC7, 0xE9, 0xDE, 0xCD, 0x99, 0xC1, 0xF3, 0xD6, 0x94, 0xF5, 0x97, 0xD7, 0x95, 0x95, 0x95, 0x7D, 0x9C,
    0x9F, 0x83, 0x9C, 0xA3, 0xA3, 0x7E, 0x83, 0x86, 0x82, 0xBB, 0x7C, 0x01, 0xBB, 0xBB, 0xBB, 0xBC, 0xBC, 0x78, 0x68,
    0x74, 0x5E, 0x6D, 0xA4, 0x01, 0xFF, 0xFF, 0xFF, 0xFF, 0xFF, 0xFF, 0xFF, 0xFF, 0xFF, 0xFF, 0xFF, 0xFF, 0xFF, 0xFF,
    0xFF, 0xFF, 0xFF, 0xFF, 0xFF, 0xFF, 0xFF, 0xFF, 0xFF, 0xFF, 0xFF, 0xFF, 0xFF, 0xFF, 0xFF, 0xFF, 0xFF, 0xFF, 0xFF,
    0xFF, 0xFF, 0xFF, 0xFF, 0xFF, 0xFF, 0xFF, 0xFF, 0xFF, 0xFF, 0xFF, 0xFF, 0xFF, 0xFF, 0xFF, 0xFF, 0xFF, 0xFF, 0xFF,
    0xFF, 0xFF, 0xFF, 0xFF, 0xFF, 0xFF, 0xFF, 0xFF, 0xFF, 0xFF, 0xFF, 0xFF, 0xFF, 0xFF, 0xFF, 0xFF, 0xFF, 0xFF, 0xFF,
    0xFF, 0xFF, 0xFF, 0xFF, 0xFF, 0xFF, 0xFF, 0xFF, 0xFF, 0xFF, 0xFF, 0xFF, 0xFF, 0xFF, 0xFF, 0xFF, 0xFF, 0xFF, 0xFF,
    0xFF, 0xFF, 0xFF, 0xFD, 0xBC, 0xFC, 0xBB, 0xB6, 0xB6, 0xB6, 0xB9, 0xB9, 0xBA, 0xB3, 0xEA, 0xB7, 0xB7, 0xF7, 0xEF,
    0xDF, 0xE5, 0xCD, 0x93, 0xC1, 0xC1, 0xD6, 0x94, 0xF5, 0x9D, 0x8F, 0x98, 0x98, 0x98, 0x98, 0xA3, 0xA0, 0xB2, 0xA0,
    0x9E, 0xA5, 0xA5, 0xA5, 0x7F, 0x7B, 0xBC, 0xBB, 0x01, 0xBB, 0xBB, 0xBB, 0xBB, 0xBC, 0xBC, 0xBC, 0x7A, 0x74, 0x71,
    0x82, 0x01, 0xFF, 0xFF, 0xFF, 0xFF, 0xFF, 0xFF, 0xFF, 0xFF, 0xFF, 0xFF, 0xFF, 0xFF, 0xFF, 0xFF, 0xFF, 0xFF, 0xFF,
    0xFF, 0xFF, 0xFF, 0xFF, 0xFF, 0xFF, 0xFF, 0xFF, 0xFF, 0xFF, 0xFF, 0xFF, 0xFF, 0xFF, 0xFF, 0xFF, 0xFF, 0xFF, 0xFF,
    0xFF, 0xFF, 0xFF, 0xFF, 0xFF, 0xFF, 0xFF, 0xFF, 0xFF, 0xFF, 0xFF, 0xFF, 0xFF, 0xFF, 0xFF, 0xFF, 0xFF, 0xFF, 0xFF,
    0xFF, 0xFF, 0xFF, 0xFF, 0xFF, 0xFF, 0xFF, 0xFF, 0xFF, 0xFF, 0xFF, 0xFF, 0xFF, 0xFF, 0xFF, 0xFF, 0xFF, 0xFF, 0xFF,
    0xFF, 0xFF, 0xFF, 0xFF, 0xFF, 0xFF, 0xFF, 0xFF, 0xFF, 0xFF, 0xFF, 0xFF, 0xFF, 0xFF, 0xFF, 0xFF, 0xFF, 0xFF, 0xFF,
    0xFD, 0xBC, 0xFC, 0xF8, 0xBB, 0xB6, 0xB6, 0xB9, 0xB9, 0xBA, 0xBA, 0xEA, 0xB7, 0xF4, 0xF7, 0xC7, 0xDF, 0xF0, 0xCC,
    0x93, 0x99, 0xC1, 0xF3, 0x94, 0xF5, 0xF5, 0x96, 0x95, 0x98, 0x7D, 0x9A, 0x9A, 0x9E, 0xB2, 0xFF, 0xB2, 0x9E, 0x9C,
    0x83, 0x6F, 0x02, 0xBB, 0xBB, 0x01, 0xBB, 0xBB, 0xBB, 0xBB, 0xBB, 0xBB, 0xBB, 0xBB, 0xBB, 0x78, 0x77, 0xBC, 0xFF,
    0xFF, 0xFF, 0xFF, 0xFF, 0xFF, 0xFF, 0xFF, 0xFF, 0xFF, 0xFF, 0xFF, 0xFF, 0xFF, 0xFF, 0xFF, 0xFF, 0xFF, 0xFF, 0xFF,
    0xFF, 0xFF, 0xFF, 0xFF, 0xFF, 0xFF, 0xFF, 0xFF, 0xFF, 0xFF, 0xFF, 0xFF, 0xFF, 0xFF, 0xFF, 0xFF, 0xFF, 0xFF, 0xFF,
    0xFF, 0xFF, 0xFF, 0xFF, 0xFF, 0xFF, 0xFF, 0xFF, 0xFF, 0xFF, 0xFF, 0xFF, 0xFF, 0xFF, 0xFF, 0xFF, 0xFF, 0xFF, 0xFF,
    0xFF, 0xFF, 0xFF, 0xFF, 0xFF, 0xFF, 0xFF, 0xFF, 0xFF, 0xFF, 0xFF, 0xFF, 0xFF, 0xFF, 0xFF, 0xFF, 0xFF, 0xFF, 0xFF,
    0xFF, 0xFF, 0xFF, 0xFF, 0xFF, 0xFF, 0xFF, 0xFF, 0xFF, 0xFF, 0xFF, 0xFF, 0xFF, 0xFF, 0xFF, 0xFF, 0xFF, 0x01, 0xBC,
    0xBB, 0xB6, 0xB6, 0xB6, 0xB9, 0xB5, 0xBA, 0xEA, 0xB8, 0xB7, 0xF4, 0xF7, 0xC7, 0xDF, 0xF0, 0xCC, 0x93, 0x99, 0x99,
    0xC1, 0xD6, 0x94, 0xCD, 0x97, 0xD7, 0x98, 0x98, 0x9A, 0x9A, 0x9A, 0xA7, 0x7B, 0xB6, 0xA0, 0x9C, 0xA5, 0x7F, 0xA4,
    0xBB, 0xBB, 0xBB, 0xBB, 0xBB, 0xBB, 0xBB, 0xBB, 0xBB, 0xBB, 0xBB, 0xBB, 0x01, 0xFF, 0xFF, 0xFF, 0xFF, 0xFF, 0xFF,
    0xFF, 0xFF, 0xFF, 0xFF, 0xFF, 0xFF, 0xFF, 0xFF, 0xFF, 0xFF, 0xFF, 0xFF, 0xFF, 0xFF, 0xFF, 0xFF, 0xFF, 0xFF, 0xFF,
    0xFF, 0xFF, 0xFF, 0xFF, 0xFF, 0xFF, 0xFF, 0xFF, 0xFF, 0xFF, 0xFF, 0xFF, 0xFF, 0xFF, 0xFF, 0xFF, 0xFF, 0xFF, 0xFF,
    0xFF, 0xFF, 0xFF, 0xFF, 0xFF, 0xFF, 0xFF, 0xFF, 0xFF, 0xFF, 0xFF, 0xFF, 0xFF, 0xFF, 0xFF, 0xFF, 0xFF, 0xFF, 0xFF,
    0xFF, 0xFF, 0xFF, 0xFF, 0xFF, 0xFF, 0xFF, 0xFF, 0xFF, 0xFF, 0xFF, 0xFF, 0xFF, 0xFF, 0xFF, 0xFF, 0xFF, 0xFF, 0xFF,
    0xFF, 0xFF, 0xFF, 0xFF, 0xFF, 0xFF, 0xFF, 0xFF, 0xFF, 0xFF, 0xFF, 0xFF, 0xFF, 0xFD, 0x01, 0xFC, 0xF8, 0xB6, 0xB6,
    0xB2, 0xB9, 0xBA, 0xBA, 0xEA, 0xB7, 0xB7, 0xD4, 0xF2, 0xB1, 0xDE, 0xD9, 0xD6, 0x93, 0x99, 0x99, 0xC1, 0xDB, 0xD6,
    0x94, 0x9D, 0xD7, 0x95, 0x7D, 0x9A, 0x92, 0x9B, 0x9A, 0x92, 0xA7, 0x71, 0x9E, 0x9C, 0x6F, 0x7B, 0xBB, 0xBC, 0xBB,
    0xBB, 0xBB, 0xBB, 0xBB, 0xBB, 0xBB, 0xBB, 0xBB, 0xBB, 0xBB, 0xFF, 0xFF, 0xFF, 0xFF, 0xFF, 0xFF, 0xFF, 0xFF, 0xFF,
    0xFF, 0xFF, 0xFF, 0xFF, 0xFF, 0xFF, 0xFF, 0xFF, 0xFF, 0xFF, 0xFF, 0xFF, 0xFF, 0xFF, 0xFF, 0xFF, 0xFF, 0xFF, 0xFF,
    0xFF, 0xFF, 0xFF, 0xFF, 0xFF, 0xFF, 0xFF, 0xFF, 0xFF, 0xFF, 0xFF, 0xFF, 0xFF, 0xFF, 0xFF, 0xFF, 0xFF, 0xFF, 0xFF,
    0xFF, 0xFF, 0xFF, 0xFF, 0xFF, 0xFF, 0xFF, 0xFF, 0xFF, 0xFF, 0xFF, 0xFF, 0xFF, 0xFF, 0xFF, 0xFF, 0xFF, 0xFF, 0xFF,
    0xFF, 0xFF, 0xFF, 0xFF, 0xFF, 0xFF, 0xFF, 0xFF, 0xFF, 0xFF, 0xFF, 0xFF, 0xFF, 0xFF, 0xFF, 0xFF, 0xFF, 0xFF, 0xFF,
    0xFF, 0xFF, 0xFF, 0xFF, 0xFF, 0xFF, 0xFF, 0xFF, 0xFF, 0xFD, 0xFD, 0xBC, 0xBB, 0xF8, 0xF8, 0xB6, 0xB6, 0xB9, 0xB5,
    0xEA, 0xEA, 0xB7, 0xB4, 0xD4, 0xEF, 0xE9, 0xE5, 0xD9, 0xEB, 0x93, 0x93, 0x99, 0xC1, 0xDB, 0xD6, 0xE1, 0xCD, 0x9D,
    0x98, 0x98, 0x9A, 0x91, 0x92, 0x9B, 0x9A, 0x92, 0x91, 0x7E, 0xA7, 0xA1, 0x7B, 0xBB, 0xBB, 0xBB, 0x01, 0xBB, 0xBB,
    0xBB, 0xBB, 0xBB, 0xBB, 0xBB, 0xBB, 0xBB, 0xFF, 0xFF, 0xFF, 0xFF, 0xFF, 0xFF, 0xFF, 0xFF, 0xFF, 0xFF, 0xFF, 0xFF,
    0xFF, 0xFF, 0xFF, 0xFF, 0xFF, 0xFF, 0xFF, 0xFF, 0xFF, 0xFF, 0xFF, 0xFF, 0xFF, 0xFF, 0xFF, 0xFF, 0xFF, 0xFF, 0xFF,
    0xFF, 0xFF, 0xFF, 0xFF, 0xFF, 0xFF, 0xFF, 0xFF, 0xFF, 0xFF, 0xFF, 0xFF, 0xFF, 0xFF, 0xFF, 0xFF, 0xFF, 0xFF, 0xFF,
    0xFF, 0xFF, 0xFF, 0xFF, 0xFF, 0xFF, 0xFF, 0xFF, 0xFF, 0xFF, 0xFF, 0xFF, 0xFF, 0xFF, 0xFF, 0xFF, 0xFF, 0xFF, 0xFF,
    0xFF, 0xFF, 0xFF, 0xFF, 0xFF, 0xFF, 0xFF, 0xFF, 0xFF, 0xFF, 0xFF, 0xFF, 0xFF, 0xFF, 0xFF, 0xFF, 0xFF, 0xFF, 0xFF,
    0xFF, 0xFF, 0xFF, 0xFF, 0xFF, 0xFF, 0xFF, 0xBC, 0x01, 0x01, 0xF8, 0xB6, 0xB9, 0xB2, 0xB9, 0xBA, 0xEA, 0xEA, 0xB7,
    0xB7, 0xD4, 0xEF, 0xDF, 0xE5, 0xD3, 0xEB, 0x93, 0x93, 0x99, 0x99, 0xF3, 0xD6, 0xE1, 0xCD, 0x96, 0xD7, 0x95, 0x9A,
    0x92, 0x9B, 0x9B, 0x9A, 0x92, 0x91, 0xA3, 0xA3, 0x9F, 0xAF, 0x7C, 0xBB, 0xBB, 0xBB, 0xBB, 0xBB, 0xBB, 0xBB, 0xBB,
    0xBB, 0xBB, 0xBB, 0xBB, 0xFF, 0xFF, 0xFF, 0xFF, 0xFF, 0xFF, 0xFF, 0xFF, 0xFF, 0xFF, 0xFF, 0xFF, 0xFF, 0xFF, 0xFF,
    0xFF, 0xFF, 0xFF, 0xFF, 0xFF, 0xFF, 0xFF, 0xFF, 0xFF, 0xFF, 0xFF, 0xFF, 0xFF, 0xFF, 0xFF, 0xFF, 0xFF, 0xFF, 0xFF,
    0xFF, 0xFF, 0xFF, 0xFF, 0xFF, 0xFF, 0xFF, 0xFF, 0xFF, 0xFF, 0xFF, 0xFF, 0xFF, 0xFF, 0xFF, 0xFF, 0xFF, 0xFF, 0xFF,
    0xFF, 0xFF, 0xFF, 0xFF, 0xFF, 0xFF, 0xFF, 0xFF, 0xFF, 0xFF, 0xFF, 0xFF, 0xFF, 0xFF, 0xFF, 0xFF, 0xFF, 0xFF, 0xFF,
    0xFF, 0xFF, 0xFF, 0xFF, 0xFF, 0xFF, 0xFF, 0xFF, 0xFF, 0xFF, 0xFF, 0xFF, 0xFF, 0xFF, 0xFF, 0xFF, 0xFF, 0xFF, 0xFF,
    0xFF, 0xFF, 0xFF, 0xFF, 0xBC, 0x01, 0xBB, 0xBB, 0xB6, 0xB2, 0xB2, 0xB9, 0xB5, 0xEA, 0xB8, 0xB7, 0xB7, 0xF7, 0xEF,
    0xE9, 0xE5, 0xD3, 0xEB, 0x93, 0x99, 0x93, 0x8D, 0xF3, 0xDB, 0xE1, 0xE1, 0x9D, 0x95, 0x98, 0x98, 0x9A, 0x9B, 0x91,
    0x91, 0x6E, 0x9B, 0x91, 0xA3, 0x9E, 0x87, 0xB2, 0x7C, 0x7C, 0xBB, 0xBB, 0xBB, 0xBB, 0xBB, 0xBB, 0xBB, 0xBB, 0xBB,
    0xBB, 0xFF, 0xFF, 0xFF, 0xFF, 0xFF, 0xFF, 0xFF, 0xFF, 0xFF, 0xFF, 0xFF, 0xFF, 0xFF, 0xFF, 0xFF, 0xFF, 0xFF, 0xFF,
    0xFF, 0xFF, 0xFF, 0xFF, 0xFF, 0xFF, 0xFF, 0xFF, 0xFF, 0xFF, 0xFF, 0xFF, 0xFF, 0xFF, 0xFF, 0xFF, 0xFF, 0xFF, 0xFF,
    0xFF, 0xFF, 0xFF, 0xFF, 0xFF, 0xFF, 0xFF, 0xFF, 0xFF, 0xFF, 0xFF, 0xFF, 0xFF, 0xFF, 0xFF, 0xFF, 0xFF, 0xFF, 0xFF,
    0xFF, 0xFF, 0xFF, 0xFF, 0xFF, 0xFF, 0xFF, 0xFF, 0xFF, 0xFF, 0xFF, 0xFF, 0xFF, 0xFF, 0xFF, 0xFF, 0xFF, 0xFF, 0xFF,
    0xFF, 0xFF, 0xFF, 0xFF, 0xFF, 0xFF, 0xFF, 0xFF, 0xFF, 0xFF, 0xFF, 0xFF, 0xFF, 0xFF, 0xFF, 0xFF, 0xFF, 0xFF, 0xFF,
    0xFF, 0xBC, 0xBC, 0xBB, 0xB6, 0xB6, 0xB2, 0xB9, 0xB9, 0xBA, 0xEA, 0xEA, 0xF4, 0xD4, 0xF7, 0xEF, 0xE9, 0xE5, 0xD9,
    0xBF, 0x93, 0x93, 0x99, 0x99, 0xC1, 0xD6, 0xD6, 0xE1, 0xCD, 0x96, 0x95, 0x98, 0x9A, 0x92, 0x91, 0x7E, 0x91, 0x7E,
    0x7E, 0xA5, 0x70, 0xAD, 0xB9, 0x7C, 0x7C, 0xBB, 0xBB, 0xBB, 0xF8, 0xBB, 0xB6, 0xF8, 0xBB, 0xBB, 0x01, 0xFF, 0xFF,
    0xFF, 0xFF, 0xFF, 0xFF, 0xFF, 0xFF, 0xFF, 0xFF, 0xFF, 0xFF, 0xFF, 0xFF, 0xFF, 0xFF, 0xFF, 0xFF, 0xFF, 0xFF, 0xFF,
    0xFF, 0xFF, 0xFF, 0xFF, 0xFF, 0xFF, 0xFF, 0xFF, 0xFF, 0xFF, 0xFF, 0xFF, 0xFF, 0xFF, 0xFF, 0xFF, 0xFF, 0xFF, 0xFF,
    0xFF, 0xFF, 0xFF, 0xFF, 0xFF, 0xFF, 0xFF, 0xFF, 0xFF, 0xFF, 0xFF, 0xFF, 0xFF, 0xFF, 0xFF, 0xFF, 0xFF, 0xFF, 0xFF,
    0xFF, 0xFF, 0xFF, 0xFF, 0xFF, 0xFF, 0xFF, 0xFF, 0xFF, 0xFF, 0xFF, 0xFF, 0xFF, 0xFF, 0xFF, 0xFF, 0xFF, 0xFF, 0xFF,
    0xFF, 0xFF, 0xFF, 0xFF, 0xFF, 0xFF, 0xFF, 0xFF, 0xFF, 0xFF, 0xFF, 0xFF, 0xFF, 0xFF, 0xFF, 0xFF, 0xBC, 0x01, 0xBC,
    0xFC, 0xF8, 0xB6, 0xB9, 0xB9, 0xB5, 0xBA, 0xEA, 0xB8, 0xF4, 0xD4, 0xF7, 0xC8, 0xE9, 0xF0, 0xD3, 0xC2, 0x93, 0x93,
    0x93, 0x99, 0xDB, 0xDB, 0xD6, 0xE1, 0xCD, 0x9D, 0xD7, 0x98, 0x9A, 0xF9, 0x91, 0x7E, 0x7E, 0x9C, 0x9C, 0x83, 0x70,
    0x80, 0xB5, 0xB2, 0xB6, 0xBB, 0xBB, 0xBB, 0xB6, 0x7C, 0x7C, 0x7C, 0xBB, 0xBB, 0x01, 0xFF, 0xFF, 0xFF, 0xFF, 0xFF,
    0xFF, 0xFF, 0xFF, 0xFF, 0xFF, 0xFF, 0xFF, 0xFF, 0xFF, 0xFF, 0xFF, 0xFF, 0xFF, 0xFF, 0xFF, 0xFF, 0xFF, 0xFF, 0xFF,
    0xFF, 0xFF, 0xFF, 0xFF, 0xFF, 0xFF, 0xFF, 0xFF, 0xFF, 0xFF, 0xFF, 0xFF, 0xFF, 0xFF, 0xFF, 0xFF, 0xFF, 0xFF, 0xFF,
    0xFF, 0xFF, 0xFF, 0xFF, 0xFF, 0xFF, 0xFF, 0xFF, 0xFF, 0xFF, 0xFF, 0xFF, 0xFF, 0xFF, 0xFF, 0xFF, 0xFF, 0xFF, 0xFF,
    0xFF, 0xFF, 0xFF, 0xFF, 0xFF, 0xFF, 0xFF, 0xFF, 0xFF, 0xFF, 0xFF, 0xFF, 0xFF, 0xFF, 0xFF, 0xFF, 0xFF, 0xFF, 0xFF,
    0xFF, 0xFF, 0xFF, 0xFF, 0xFF, 0xFF, 0xFF, 0xFF, 0xFF, 0xFF, 0xFF, 0xFF, 0xFF, 0xBC, 0x01, 0xBC, 0xB6, 0xBB, 0xB6,
    0xB6, 0xB9, 0xB9, 0xBA, 0xEA, 0xB7, 0xB7, 0xD4, 0xF7, 0xC7, 0xDF, 0xF0, 0xD3, 0xBF, 0x93, 0x93, 0x99, 0x99, 0xC1,
    0xDB, 0xD6, 0xE1, 0xCD, 0x9D, 0xD7, 0x98, 0x98, 0x92, 0x7E, 0x9C, 0x7E, 0x9C, 0xA7, 0x83, 0x7F, 0x80, 0xB2, 0x7C,
    0xB6, 0xF8, 0xBB, 0xBB, 0xB6, 0xB2, 0x7C, 0x7C, 0x7C, 0x7C, 0xBB, 0xFF, 0xFF, 0xFF, 0xFF, 0xFF, 0xFF, 0xFF, 0xFF,
    0xFF, 0xFF, 0xFF, 0xFF, 0xFF, 0xFF, 0xFF, 0xFF, 0xFF, 0xFF, 0xFF, 0xFF, 0xFF, 0xFF, 0xFF, 0xFF, 0xFF, 0xFF, 0xFF,
    0xFF, 0xFF, 0xFF, 0xFF, 0xFF, 0xFF, 0xFF, 0xFF, 0xFF, 0xFF, 0xFF, 0xFF, 0xFF, 0xFF, 0xFF, 0xFF, 0xFF, 0xFF, 0xFF,
    0xFF, 0xFF, 0xFF, 0xFF, 0xFF, 0xFF, 0xFF, 0xFF, 0xFF, 0xFF, 0xFF, 0xFF, 0xFF, 0xFF, 0xFF, 0xFF, 0xFF, 0xFF, 0xFF,
    0xFF, 0xFF, 0xFF, 0xFF, 0xFF, 0xFF, 0xFF, 0xFF, 0xFF, 0xFF, 0xFF, 0xFF, 0xFF, 0xFF, 0xFF, 0xFF, 0xFF, 0xFF, 0xFF,
    0xFF, 0xFF, 0xFF, 0xFF, 0xFF, 0xFF, 0xFF, 0xFF, 0xFD, 0xFF, 0xBC, 0x01, 0xBB, 0xBB, 0xB6, 0xB6, 0xB9, 0xB9, 0xB5,
    0xBA, 0xEA, 0xB7, 0xB4, 0xD4, 0xF7, 0xC7, 0xDF, 0xF0, 0xD3, 0xBF, 0x93, 0x93, 0x99, 0xCB, 0xC1, 0xF6, 0xD6, 0xE1,
    0xCC, 0xCD, 0x96, 0x98, 0x9A, 0x9B, 0x9B, 0x7E, 0xA7, 0xA7, 0x9C, 0x83, 0x7F, 0x72, 0xB2, 0xB2, 0x7C, 0x7C, 0xB6,
    0x7C, 0x7C, 0x7C, 0xB2, 0xB2, 0xB2, 0x7C, 0xBB, 0xFF, 0xFF, 0xFF, 0xFF, 0xFF, 0xFF, 0xFF, 0xFF, 0xFF, 0xFF, 0xFF,
    0xFF, 0xFF, 0xFF, 0xFF, 0xFF, 0xFF, 0xFF, 0xFF, 0xFF, 0xFF, 0xFF, 0xFF, 0xFF, 0xFF, 0xFF, 0xFF, 0xFF, 0xFF, 0xFF,
    0xFF, 0xFF, 0xFF, 0xFF, 0xFF, 0xFF, 0xFF, 0xFF, 0xFF, 0xFF, 0xFF, 0xFF, 0xFF, 0xFF, 0xFF, 0xFF, 0xFF, 0xFF, 0xFF,
    0xFF, 0xFF, 0xFF, 0xFF, 0xFF, 0xFF, 0xFF, 0xFF, 0xFF, 0xFF, 0xFF, 0xFF, 0xFF, 0xFF, 0xFF, 0xFF, 0xFF, 0xFF, 0xFF,
    0xFF, 0xFF, 0xFF, 0xFF, 0xFF, 0xFF, 0xFF, 0xFF, 0xFF, 0xFF, 0xFF, 0xFF, 0xFF, 0xFF, 0xFF, 0xFF, 0xFF, 0xFF, 0xFF,
    0xFF, 0xFF, 0xFF, 0xFF, 0xFF, 0xFF, 0xFD, 0xBC, 0xBB, 0xBB, 0xBB, 0xB6, 0xB2, 0xB9, 0xB5, 0xBA, 0xEA, 0xEA, 0xB7,
    0xB4, 0xD4, 0xF7, 0xC7, 0xDF, 0xF0, 0xEE, 0xBF, 0x93, 0x93, 0x99, 0x99, 0xDB, 0xF6, 0xD6, 0xE1, 0xCC, 0x9D, 0x96,
    0x98, 0x98, 0x9A, 0xA8, 0x9C, 0x9C, 0xA7, 0x70, 0x70, 0x9F, 0x72, 0xB9, 0xB2, 0xB2, 0xB2, 0x7C, 0x7C, 0x7C, 0xB2,
    0xB2, 0xB2, 0xB2, 0xB2, 0xB6, 0xFF, 0xFF, 0xFF, 0xFF, 0xFF, 0xFF, 0xFF, 0xFF, 0xFF, 0xFF, 0xFF, 0xFF, 0xFF, 0xFF,
    0xFF, 0xFF, 0xFF, 0xFF, 0xFF, 0xFF, 0xFF, 0xFF, 0xFF, 0xFF, 0xFF, 0xFF, 0xFF, 0xFF, 0xFF, 0xFF, 0xFF, 0xFF, 0xFF,
    0xFF, 0xFF, 0xFF, 0xFF, 0xFF, 0xFF, 0xFF, 0xFF, 0xFF, 0xFF, 0xFF, 0xFF, 0xFF, 0xFF, 0xFF, 0xFF, 0xFF, 0xFF, 0xFF,
    0xFF, 0xFF, 0xFF, 0xFF, 0xFF, 0xFF, 0xFF, 0xFF, 0xFF, 0xFF, 0xFF, 0xFF, 0xFF, 0xFF, 0xFF, 0xFF, 0xFF, 0xFF, 0xFF,
    0xFF, 0xFF, 0xFF, 0xFF, 0xFF, 0xFF, 0xFF, 0xFF, 0xFF, 0xFF, 0xFF, 0xFF, 0xFF, 0xFF, 0xFF, 0xFF, 0xFF, 0xFF, 0xFF,
    0xFF, 0xFF, 0xFF, 0xFF, 0xBB, 0xBB, 0xB6, 0xB6, 0xB6, 0xB6, 0xB9, 0xB9, 0xBA, 0xEA, 0xB7, 0xB7, 0xB4, 0xD4, 0xF2,
    0xC7, 0xDE, 0xF0, 0xD3, 0xBF, 0x93, 0x93, 0x99, 0xCB, 0xC1, 0xF6, 0xD6, 0xD6, 0xCC, 0xCD, 0x9D, 0xA6, 0x98, 0x9A,
    0x9B, 0xA3, 0x9C, 0xA5, 0x9E, 0x7F, 0x7F, 0x84, 0xB5, 0xB9, 0xB2, 0xB2, 0xB2, 0x7C, 0xB2, 0xB2, 0xB2, 0xB2, 0xB2,
    0xB2, 0xB6, 0xFD, 0xFF, 0xFF, 0xFF, 0xFF, 0xFF, 0xFF, 0xFF, 0xFF, 0xFF, 0xFF, 0xFF, 0xFF, 0xFF, 0xFF, 0xFF, 0xFF,
    0xFF, 0xFF, 0xFF, 0xFF, 0xFF, 0xFF, 0xFF, 0xFF, 0xFF, 0xFF, 0xFF, 0xFF, 0xFF, 0xFF, 0xFF, 0xFF, 0xFF, 0xFF, 0xFF,
    0xFF, 0xFF, 0xFF, 0xFF, 0xFF, 0xFF, 0xFF, 0xFF, 0xFF, 0xFF, 0xFF, 0xFF, 0xFF, 0xFF, 0xFF, 0xFF, 0xFF, 0xFF, 0xFF,
    0xFF, 0xFF, 0xFF, 0xFF, 0xFF, 0xFF, 0xFF, 0xFF, 0xFF, 0xFF, 0xFF, 0xFF, 0xFF, 0xFF, 0xFF, 0xFF, 0xFF, 0xFF, 0xFF,
    0xFF, 0xFF, 0xFF, 0xFF, 0xFF, 0xFF, 0xFF, 0xFF, 0xFF, 0xFF, 0xFF, 0xFF, 0xFF, 0xFF, 0xFF, 0xFF, 0xFF, 0xFD, 0xFF,
    0xFD, 0xBC, 0xBB, 0xB6, 0xB6, 0xB2, 0xB2, 0xB9, 0xB5, 0xBA, 0xEA, 0xB7, 0xB7, 0xF4, 0xF7, 0xAD, 0xB1, 0xDE, 0xF0,
    0xEE, 0xD2, 0x93, 0x93, 0x99, 0xCB, 0xDB, 0xF6, 0xF6, 0xCC, 0xCC, 0xCD, 0xCE, 0xD7, 0x98, 0x9A, 0xA2, 0xA3, 0x9C,
    0x9C, 0x83, 0x70, 0x70, 0x84, 0xB5, 0xB5, 0xB9, 0xB2, 0xB2, 0xB2, 0xB2, 0xB2, 0xB9, 0xB2, 0xB2, 0xB2, 0xF8, 0xBC,
    0xFF, 0xFF, 0xFF, 0xFF, 0xFF, 0xFF, 0xFF, 0xFF, 0xFF, 0xFF, 0xFF, 0xFF, 0xFF, 0xFF, 0xFF, 0xFF, 0xFF, 0xFF, 0xFF,
    0xFF, 0xFF, 0xFF, 0xFF, 0xFF, 0xFF, 0xFF, 0xFF, 0xFF, 0xFF, 0xFF, 0xFF, 0xFF, 0xFF, 0xFF, 0xFF, 0xFF, 0xFF, 0xFF,
    0xFF, 0xFF, 0xFF, 0xFF, 0xFF, 0xFF, 0xFF, 0xFF, 0xFF, 0xFF, 0xFF, 0xFF, 0xFF, 0xFF, 0xFF, 0xFF, 0xFF, 0xFF, 0xFF,
    0xFF, 0xFF, 0xFF, 0xFF, 0xFF, 0xFF, 0xFF, 0xFF, 0xFF, 0xFF, 0xFF, 0xFF, 0xFF, 0xFF, 0xFF, 0xFF, 0xFF, 0xFF, 0xFF,
    0xFF, 0xFF, 0xFF, 0xFF, 0xFF, 0xFF, 0xFF, 0xFF, 0xFF, 0xFF, 0xFF, 0xFF, 0xFD, 0xFF, 0xFF, 0xBC, 0x01, 0xFC, 0xF8,
    0xB6, 0xB6, 0xB6, 0xB9, 0xB9, 0xBA, 0xEA, 0xB7, 0xB7, 0xD4, 0xD4, 0xF7, 0xEF, 0xE9, 0xE5, 0xD9, 0xEE, 0xE3, 0x93,
    0x93, 0x99, 0xCB, 0xC1, 0xDB, 0xD6, 0xD6, 0xCC, 0x9D, 0x9D, 0xA6, 0x98, 0x98, 0xA2, 0xA8, 0xA3, 0x9C, 0x83, 0x83,
    0x70, 0x6F, 0xB3, 0xBA, 0xB5, 0xB9, 0xB2, 0xB2, 0xB2, 0xB9, 0xB9, 0xB2, 0xB2, 0xB2, 0xF8, 0xBC, 0xFF, 0xFF, 0xFF,
    0xFF, 0xFF, 0xFF, 0xFF, 0xFF, 0xFF, 0xFF, 0xFF, 0xFF, 0xFF, 0xFF, 0xFF, 0xFF, 0xFF, 0xFF, 0xFF, 0xFF, 0xFF, 0xFF,
    0xFF, 0xFF, 0xFF, 0xFF, 0xFF, 0xFF, 0xFF, 0xFF, 0xFF, 0xFF, 0xFF, 0xFF, 0xFF, 0xFF, 0xFF, 0xFF, 0xFF, 0xFF, 0xFF,
    0xFF, 0xFF, 0xFF, 0xFF, 0xFF, 0xFF, 0xFF, 0xFF, 0xFF, 0xFF, 0xFF, 0xFF, 0xFF, 0xFF, 0xFF, 0xFF, 0xFF, 0xFF, 0xFF,
    0xFF, 0xFF, 0xFF, 0xFF, 0xFF, 0xFF, 0xFF, 0xFF, 0xFF, 0xFF, 0xFF, 0xFF, 0xFF, 0xFF, 0xFF, 0xFF, 0xFF, 0xFF, 0xFF,
    0xFF, 0xFF, 0xFF, 0xFF, 0xFF, 0xFF, 0xFF, 0xFF, 0xFF, 0xFF, 0xFF, 0xFF, 0xFF, 0xBB, 0xBB, 0xB6, 0xB6, 0xB6, 0xB2,
    0xB9, 0xBA, 0xBA, 0xEA, 0xB7, 0xB4, 0xD4, 0xF7, 0xF2, 0xC8, 0xE9, 0xE5, 0xD3, 0xED, 0xBF, 0x93, 0x93, 0x99, 0xCB,
    0xC1, 0xF6, 0xF6, 0xD6, 0xCC, 0xCD, 0xCE, 0xD7, 0xA6, 0x9A, 0xA2, 0x9B, 0xA3, 0x9C, 0xA5, 0xA7, 0x70, 0xA1, 0xAF,
    0xBA, 0xB5, 0xB5, 0xB9, 0xB9, 0xB2, 0xB9, 0xB9, 0xB9, 0xB2, 0xB2, 0xB6, 0xBC, 0xFF, 0xFF, 0xFF, 0xFF, 0xFF, 0xFF,
    0xFF, 0xFF, 0xFF, 0xFF, 0xFF, 0xFF, 0xFF, 0xFF, 0xFF, 0xFF, 0xFF, 0xFF, 0xFF, 0xFF, 0xFF, 0xFF, 0xFF, 0xFF, 0xFF,
    0xFF, 0xFF, 0xFF, 0xFF, 0xFF, 0xFF, 0xFF, 0xFF, 0xFF, 0xFF, 0xFF, 0xFF, 0xFF, 0xFF, 0xFF, 0xFF, 0xFF, 0xFF, 0xFF,
    0xFF, 0xFF, 0xFF, 0xFF, 0xFF, 0xFF, 0xFF, 0xFF, 0xFF, 0xFF, 0xFF, 0xFF, 0xFF, 0xFF, 0xFF, 0xFF, 0xFF, 0xFF, 0xFF,
    0xFF, 0xFF, 0xFF, 0xFF, 0xFF, 0xFF, 0xFF, 0xFF, 0xFF, 0xFF, 0xFF, 0xFF, 0xFF, 0xFF, 0xFF, 0xFF, 0xFF, 0xFF, 0xFF,
    0xFF, 0xFF, 0xFF, 0xFF, 0xFF, 0xFF, 0xFF, 0xFD, 0xBC, 0xBB, 0xFC, 0xBB, 0xB6, 0xB6, 0xB2, 0xB9, 0xB5, 0xBA, 0xEA,
    0xB8, 0xB7, 0xD4, 0xD4, 0xF7, 0xEF, 0xC7, 0xDF, 0xF0, 0xD3, 0xED, 0xD2, 0x99, 0x93, 0x99, 0xCB, 0xC0, 0xC1, 0xF6,
    0xE3, 0xCC, 0xCD, 0xCE, 0x98, 0xA3, 0xA8, 0xA2, 0xA8, 0xA8, 0xA3, 0xA5, 0xA7, 0x83, 0xA1, 0xAF, 0xB8, 0xB3, 0xB5,
    0xBA, 0xB9, 0xB9, 0xB9, 0xB9, 0xB9, 0xB9, 0xB2, 0xB6, 0xBC, 0xFF, 0xFF, 0xFF, 0xFF, 0xFF, 0xFF, 0xFF, 0xFF, 0xFF,
    0xFF, 0xFF, 0xFF, 0xFF, 0xFF, 0xFF, 0xFF, 0xFF, 0xFF, 0xFF, 0xFF, 0xFF, 0xFF, 0xFF, 0xFF, 0xFF, 0xFF, 0xFF, 0xFF,
    0xFF, 0xFF, 0xFF, 0xFF, 0xFF, 0xFF, 0xFF, 0xFF, 0xFF, 0xFF, 0xFF, 0xFF, 0xFF, 0xFF, 0xFF, 0xFF, 0xFF, 0xFF, 0xFF,
    0xFF, 0xFF, 0xFF, 0xFF, 0xFF, 0xFF, 0xFF, 0xFF, 0xFF, 0xFF, 0xFF, 0xFF, 0xFF, 0xFF, 0xFF, 0xFF, 0xFF, 0xFF, 0xFF,
    0xFF, 0xFF, 0xFF, 0xFF, 0xFF, 0xFF, 0xFF, 0xFF, 0xFF, 0xFF, 0xFF, 0xFF, 0xFF, 0xFF, 0xFF, 0xFF, 0xFF, 0xFF, 0xFF,
    0xFF, 0xFF, 0xFF, 0xBC, 0xFF, 0xBC, 0xBB, 0xFC, 0xB6, 0xB6, 0xB6, 0xB9, 0xB5, 0xBA, 0xEA, 0xEA, 0xB7, 0xB4, 0xF7,
    0xF7, 0xEF, 0xC8, 0xC7, 0xDF, 0xF0, 0xEE, 0xED, 0xD2, 0x93, 0x93, 0xCB, 0xCB, 0xC0, 0xF6, 0xD6, 0xD6, 0xCC, 0xCD,
    0xCE, 0xD7, 0xA6, 0xA2, 0xA7, 0x98, 0xA3, 0xA3, 0x9C, 0xA5, 0x9E, 0x9F, 0xB7, 0xB7, 0xB8, 0xBA, 0xBA, 0xB5, 0xB5,
    0xB9, 0xB5, 0xB5, 0xB9, 0xB9, 0xB6, 0xBC, 0xFF, 0xFF, 0xFF, 0xFF, 0xFF, 0xFF, 0xFF, 0xFF, 0xFF, 0xFF, 0xFF, 0xFF,
    0xFF, 0xFF, 0xFF, 0xFF, 0xFF, 0xFF, 0xFF, 0xFF, 0xFF, 0xFF, 0xFF, 0xFF, 0xFF, 0xFF, 0xFF, 0xFF, 0xFF, 0xFF, 0xFF,
    0xFF, 0xFF, 0xFF, 0xFF, 0xFF, 0xFF, 0xFF, 0xFF, 0xFF, 0xFF, 0xFF, 0xFF, 0xFF, 0xFF, 0xFF, 0xFF, 0xFF, 0xFF, 0xFF,
    0xFF, 0xFF, 0xFF, 0xFF, 0xFF, 0xFF, 0xFF, 0xFF, 0xFF, 0xFF, 0xFF, 0xFF, 0xFF, 0xFF, 0xFF, 0xFF, 0xFF, 0xFF, 0xFF,
    0xFF, 0xFF, 0xFF, 0xFF, 0xFF, 0xFF, 0xFF, 0xFF, 0xFF, 0xFF, 0xFF, 0xFF, 0xFF, 0xFF, 0xFF, 0xFF, 0xFF, 0xFF, 0xFF,
    0xBC, 0xBC, 0xBB, 0xFC, 0xBB, 0xB6, 0xB2, 0xB6, 0xB9, 0xBA, 0xBA, 0xB8, 0xB8, 0xB7, 0xD4, 0xF7, 0xAD, 0xC8, 0xC7,
    0xE9, 0xDE, 0xD9, 0xEE, 0xED, 0xD2, 0x99, 0x93, 0x99, 0xCB, 0xC1, 0xC1, 0xD6, 0xCC, 0xCD, 0xCD, 0xCE, 0xD7, 0x98,
    0x9A, 0xA2, 0xA5, 0xA5, 0xA3, 0xA5, 0xA7, 0xA7, 0x9F, 0xB4, 0xB7, 0xB8, 0xB8, 0xBA, 0xB5, 0xB5, 0xB5, 0xB5, 0xB5,
    0xB9, 0xB9, 0xB6, 0xBC, 0xFF, 0xFF, 0xFF, 0xFF, 0xFF, 0xFF, 0xFF, 0xFF, 0xFF, 0xFF, 0xFF, 0xFF, 0xFF, 0xFF, 0xFF,
    0xFF, 0xFF, 0xFF, 0xFF, 0xFF, 0xFF, 0xFF, 0xFF, 0xFF, 0xFF, 0xFF, 0xFF, 0xFF, 0xFF, 0xFF, 0xFF, 0xFF, 0xFF, 0xFF,
    0xFF, 0xFF, 0xFF, 0xFF, 0xFF, 0xFF, 0xFF, 0xFF, 0xFF, 0xFF, 0xFF, 0xFF, 0xFF, 0xFF, 0xFF, 0xFF, 0xFF, 0xFF, 0xFF,
    0xFF, 0xFF, 0xFF, 0xFF, 0xFF, 0xFF, 0xFF, 0xFF, 0xFF, 0xFF, 0xFF, 0xFF, 0xFF, 0xFF, 0xFF, 0xFF, 0xFF, 0xFF, 0xFF,
    0xFF, 0xFF, 0xFF, 0xFF, 0xFF, 0xFF, 0xFF, 0xFF, 0xFF, 0xFF, 0xFF, 0xFF, 0xFF, 0xFF, 0xFF, 0xFF, 0xFD, 0xBC, 0xBB,
    0xF8, 0xB6, 0xB6, 0xB2, 0xB9, 0xB9, 0xB5, 0xEA, 0xB7, 0xB7, 0xF4, 0xF7, 0xAD, 0xC8, 0xC8, 0xC7, 0xE9, 0xE5, 0xD3,
    0xED, 0xE0, 0xD2, 0x93, 0x93, 0xCB, 0xCB, 0xC0, 0xC1, 0xE2, 0xE3, 0xEB, 0x9D, 0xCE, 0xD7, 0xA6, 0xC5, 0xA2, 0xA8,
    0xAB, 0xB1, 0xA3, 0xA5, 0x9E, 0x9F, 0xB4, 0xB7, 0xB7, 0xAF, 0xB8, 0xB3, 0xBA, 0xBA, 0xB5, 0xB5, 0xB5, 0xB9, 0xB6,
    0xFC, 0xBC, 0xFF, 0xFF, 0xFF, 0xFF, 0xFF, 0xFF, 0xFF, 0xFF, 0xFF, 0xFF, 0xFF, 0xFF, 0xFF, 0xFF, 0xFF, 0xFF, 0xFF,
    0xFF, 0xFF, 0xFF, 0xFF, 0xFF, 0xFF, 0xFF, 0xFF, 0xFF, 0xFF, 0xFF, 0xFF, 0xFF, 0xFF, 0xFF, 0xFF, 0xFF, 0xFF, 0xFF,
    0xFF, 0xFF, 0xFF, 0xFF, 0xFF, 0xFF, 0xFF, 0xFF, 0xFF, 0xFF, 0xFF, 0xFF, 0xFF, 0xFF, 0xFF, 0xFF, 0xFF, 0xFF, 0xFF,
    0xFF, 0xFF, 0xFF, 0xFF, 0xFF, 0xFF, 0xFF, 0xFF, 0xFF, 0xFF, 0xFF, 0xFF, 0xFF, 0xFF, 0xFF, 0xFF, 0xFF, 0xFF, 0xFF,
    0xFF, 0xFF, 0xFF, 0xFF, 0xFF, 0xFF, 0xFF, 0xFF, 0xFF, 0xFF, 0xFF, 0xFF, 0xFF, 0xBC, 0xBC, 0xBB, 0xBB, 0xB6, 0xB2,
    0xB9, 0xB9, 0xBA, 0xEA, 0xB7, 0xB7, 0xD4, 0xF7, 0xAD, 0xEF, 0xC7, 0xC7, 0xE9, 0xDF, 0xE5, 0xD3, 0xED, 0xE0, 0xE6,
    0x93, 0x93, 0x99, 0xCB, 0xC1, 0xC1, 0xDC, 0xE3, 0xEB, 0xCD, 0xCE, 0xD7, 0xA6, 0x98, 0xA8, 0xA8, 0xA3, 0xAD, 0xAA,
    0x9B, 0xA5, 0x9F, 0xB0, 0xB7, 0xB7, 0xB7, 0xB8, 0xB8, 0xB3, 0xBA, 0xBA, 0xBA, 0xB5, 0xB5, 0xB2, 0x01, 0xBC, 0xFF,
    0xFF, 0xFF, 0xFF, 0xFF, 0xFF, 0xFF, 0xFF, 0xFF, 0xFF, 0xFF, 0xFF, 0xFF, 0xFF, 0xFF, 0xFF, 0xFF, 0xFF, 0xFF, 0xFF,
    0xFF, 0xFF, 0xFF, 0xFF, 0xFF, 0xFF, 0xFF, 0xFF, 0xFF, 0xFF, 0xFF, 0xFF, 0xFF, 0xFF, 0xFF, 0xFF, 0xFF, 0xFF, 0xFF,
    0xFF, 0xFF, 0xFF, 0xFF, 0xFF, 0xFF, 0xFF, 0xFF, 0xFF, 0xFF, 0xFF, 0xFF, 0xFF, 0xFF, 0xFF, 0xFF, 0xFF, 0xFF, 0xFF,
    0xFF, 0xFF, 0xFF, 0xFF, 0xFF, 0xFF, 0xFF, 0xFF, 0xFF, 0xFF, 0xFF, 0xFF, 0xFF, 0xFF, 0xFF, 0xFF, 0xFF, 0xFF, 0xFF,
    0xFF, 0xFF, 0xFF, 0xFF, 0xFF, 0xFF, 0xFF, 0xFF, 0xFF, 0xBC, 0xBC, 0xFC, 0xBB, 0xB6, 0xB6, 0xB2, 0xB9, 0xBA, 0xBA,
    0xEA, 0xB7, 0xF4, 0xF7, 0xF2, 0xEF, 0xC8, 0xC7, 0xE9, 0xDF, 0xDE, 0xF0, 0xD3, 0xED, 0xE0, 0xE6, 0x99, 0x93, 0x99,
    0xCB, 0xC0, 0xC1, 0xD6, 0xD6, 0xE3, 0xCD, 0xCE, 0xD7, 0xA6, 0xC5, 0xA2, 0xA8, 0xA3, 0xA5, 0xAD, 0xAA, 0xA3, 0x9E,
    0xB4, 0xB4, 0xB7, 0xB7, 0xB8, 0xB8, 0xB8, 0xB3, 0xB3, 0xB3, 0xB5, 0xB5, 0xB2, 0xBB, 0xBC, 0xFD, 0xFF, 0xFF, 0xFF,
    0xFF, 0xFF, 0xFF, 0xFF, 0xFF, 0xFF, 0xFF, 0xFF, 0xFF, 0xFF, 0xFF, 0xFF, 0xFF, 0xFF, 0xFF, 0xFF, 0xFF, 0xFF, 0xFF,
    0xFF, 0xFF, 0xFF, 0xFF, 0xFF, 0xFF, 0xFF, 0xFF, 0xFF, 0xFF, 0xFF, 0xFF, 0xFF, 0xFF, 0xFF, 0xFF, 0xFF, 0xFF, 0xFF,
    0xFF, 0xFF, 0xFF, 0xFF, 0xFF, 0xFF, 0xFF, 0xFF, 0xFF, 0xFF, 0xFF, 0xFF, 0xFF, 0xFF, 0xFF, 0xFF, 0xFF, 0xFF, 0xFF,
    0xFF, 0xFF, 0xFF, 0xFF, 0xFF, 0xFF, 0xFF, 0xFF, 0xFF, 0xFF, 0xFF, 0xFF, 0xFF, 0xFF, 0xFF, 0xFF, 0xFF, 0xFF, 0xFF,
    0xFF, 0xFF, 0xFF, 0xFF, 0xFF, 0xFD, 0xBC, 0xFF, 0xFC, 0xB6, 0xB6, 0xB6, 0xB9, 0xB5, 0xBA, 0xEA, 0xB7, 0xB4, 0xD4,
    0xF7, 0xEF, 0xC8, 0xC7, 0xE9, 0xDF, 0xDE, 0xE5, 0xF0, 0xEE, 0xE8, 0xE0, 0xE4, 0x99, 0x93, 0x93, 0x99, 0xC0, 0xC1,
    0xC1, 0xD6, 0xCC, 0xCD, 0xCE, 0xD7, 0xA6, 0xC5, 0xA8, 0xA9, 0x9C, 0xA5, 0x9E, 0xAB, 0xB1, 0x9C, 0xD4, 0xB7, 0xB7,
    0xB7, 0xB7, 0xAF, 0xB8, 0xB8, 0xB8, 0xB3, 0xBA, 0xB5, 0xB2, 0xBB, 0xFC, 0xFD, 0xFF, 0xFF, 0xFF, 0xFF, 0xFF, 0xFF,
    0xFF, 0xFF, 0xFF, 0xFF, 0xFF, 0xFF, 0xFF, 0xFF, 0xFF, 0xFF, 0xFF, 0xFF, 0xFF, 0xFF, 0xFF, 0xFF, 0xFF, 0xFF, 0xFF,
    0xFF, 0xFF, 0xFF, 0xFF, 0xFF, 0xFF, 0xFF, 0xFF, 0xFF, 0xFF, 0xFF, 0xFF, 0xFF, 0xFF, 0xFF, 0xFF, 0xFF, 0xFF, 0xFF,
    0xFF, 0xFF, 0xFF, 0xFF, 0xFF, 0xFF, 0xFF, 0xFF, 0xFF, 0xFF, 0xFF, 0xFF, 0xFF, 0xFF, 0xFF, 0xFF, 0xFF, 0xFF, 0xFF,
    0xFF, 0xFF, 0xFF, 0xFF, 0xFF, 0xFF, 0xFF, 0xFF, 0xFF, 0xFF, 0xFF, 0xFF, 0xFF, 0xFF, 0xFF, 0xFF, 0xFF, 0xFF, 0xFF,
    0xFF, 0xFF, 0xFF, 0xBC, 0x01, 0xBB, 0xBB, 0xB6, 0xB6, 0xB9, 0xBA, 0xBA, 0xEA, 0xB7, 0xD4, 0xD4, 0xAD, 0xC7, 0xC7,
    0xB1, 0xDF, 0xDE, 0xDE, 0xF0, 0xD5, 0xED, 0xE0, 0xE7, 0xE4, 0x99, 0x93, 0x99, 0x99, 0xCB, 0xC0, 0xC1, 0xDC, 0xCC,
    0xCD, 0xC2, 0xC3, 0x98, 0xC5, 0xA8, 0xA7, 0xAE, 0xA5, 0xA7, 0x9F, 0xAA, 0x9F, 0xB0, 0xB4, 0xB7, 0xB7, 0xB7, 0xB8,
    0xB8, 0xB8, 0xB8, 0xB8, 0xBA, 0xB5, 0xB2, 0xBB, 0x01, 0xBC, 0xFD, 0xFF, 0xFF, 0xFF, 0xFF, 0xFF, 0xFF, 0xFF, 0xFF,
    0xFF, 0xFF, 0xFF, 0xFF, 0xFF, 0xFF, 0xFF, 0xFF, 0xFF, 0xFF, 0xFF, 0xFF, 0xFF, 0xFF, 0xFF, 0xFF, 0xFF, 0xFF, 0xFF,
    0xFF, 0xFF, 0xFF, 0xFF, 0xFF, 0xFF, 0xFF, 0xFF, 0xFF, 0xFF, 0xFF, 0xFF, 0xFF, 0xFF, 0xFF, 0xFF, 0xFF, 0xFF, 0xFF,
    0xFF, 0xFF, 0xFF, 0xFF, 0xFF, 0xFF, 0xFF, 0xFF, 0xFF, 0xFF, 0xFF, 0xFF, 0xFF, 0xFF, 0xFF, 0xFF, 0xFF, 0xFF, 0xFF,
    0xFF, 0xFF, 0xFF, 0xFF, 0xFF, 0xFF, 0xFF, 0xFF, 0xFF, 0xFF, 0xFF, 0xFF, 0xFF, 0xFF, 0xFF, 0xFF, 0xFF, 0xFF, 0xFF,
    0xBC, 0xBC, 0xFC, 0xB6, 0xB6, 0xB9, 0xB5, 0xBA, 0xEA, 0xB7, 0xF4, 0xD4, 0xF2, 0xEF, 0xC7, 0xB1, 0xDF, 0xDE, 0xDE,
    0xE5, 0xF0, 0xD3, 0xE8, 0xE7, 0xE6, 0xE4, 0x93, 0x93, 0x93, 0x99, 0xCB, 0xC0, 0xC0, 0xC1, 0xD6, 0xEB, 0xCE, 0xD7,
    0xA6, 0xC5, 0xA8, 0xA3, 0xAB, 0x9F, 0xA5, 0x9E, 0x9E, 0xA1, 0xD4, 0xB4, 0xB7, 0xB7, 0xB7, 0xB8, 0xAF, 0xAF, 0xB8,
    0xB8, 0xB3, 0xBA, 0xB9, 0xBB, 0xFC, 0xBC, 0xBC, 0xFF, 0xFF, 0xFF, 0xFF, 0xFF, 0xFF, 0xFF, 0xFF, 0xFF, 0xFF, 0xFF,
    0xFF, 0xFF, 0xFF, 0xFF, 0xFF, 0xFF, 0xFF, 0xFF, 0xFF, 0xFF, 0xFF, 0xFF, 0xFF, 0xFF, 0xFF, 0xFF, 0xFF, 0xFF, 0xFF,
    0xFF, 0xFF, 0xFF, 0xFF, 0xFF, 0xFF, 0xFF, 0xFF, 0xFF, 0xFF, 0xFF, 0xFF, 0xFF, 0xFF, 0xFF, 0xFF, 0xFF, 0xFF, 0xFF,
    0xFF, 0xFF, 0xFF, 0xFF, 0xFF, 0xFF, 0xFF, 0xFF, 0xFF, 0xFF, 0xFF, 0xFF, 0xFF, 0xFF, 0xFF, 0xFF, 0xFF, 0xFF, 0xFF,
    0xFF, 0xFF, 0xFF, 0xFF, 0xFF, 0xFF, 0xFF, 0xFF, 0xFF, 0xFF, 0xFF, 0xFF, 0xFF, 0xFF, 0xFF, 0xFF, 0xBC, 0xBC, 0xB6,
    0xB6, 0xB6, 0xB9, 0xB9, 0xBA, 0xB8, 0xB7, 0xD4, 0xF7, 0xEF, 0xC7, 0xC7, 0xDF, 0xDF, 0xDE, 0xE5, 0xF0, 0xD9, 0xEE,
    0xED, 0xE7, 0xE6, 0xDD, 0x93, 0x93, 0x93, 0x99, 0xCB, 0xC0, 0xC0, 0xC1, 0xDC, 0xE3, 0xC2, 0xC3, 0xA6, 0xC5, 0xCF,
    0xA3, 0xA7, 0x9F, 0x9E, 0xA3, 0x9F, 0x89, 0xB4, 0xB7, 0xB7, 0xB7, 0xB7, 0xB8, 0xAF, 0xAF, 0xB7, 0xB8, 0xB8, 0xBA,
    0xB9, 0xB6, 0xBB, 0xFC, 0xBC, 0xFF, 0xFF, 0xFF, 0xFF, 0xFF, 0xFF, 0xFF, 0xFF, 0xFF, 0xFF, 0xFF, 0xFF, 0xFF, 0xFF,
    0xFF, 0xFF, 0xFF, 0xFF, 0xFF, 0xFF, 0xFF, 0xFF, 0xFF, 0xFF, 0xFF, 0xFF, 0xFF, 0xFF, 0xFF, 0xFF, 0xFF, 0xFF, 0xFF,
    0xFF, 0xFF, 0xFF, 0xFF, 0xFF, 0xFF, 0xFF, 0xFF, 0xFF, 0xFF, 0xFF, 0xFF, 0xFF, 0xFF, 0xFF, 0xFF, 0xFF, 0xFF, 0xFF,
    0xFF, 0xFF, 0xFF, 0xFF, 0xFF, 0xFF, 0xFF, 0xFF, 0xFF, 0xFF, 0xFF, 0xFF, 0xFF, 0xFF, 0xFF, 0xFF, 0xFF, 0xFF, 0xFF,
    0xFF, 0xFF, 0xFF, 0xFF, 0xFF, 0xFF, 0xFF, 0xFF, 0xFF, 0xFF, 0xFF, 0xFF, 0xFF, 0xFD, 0xFC, 0xF8, 0xB6, 0xB6, 0xB9,
    0xB9, 0xBA, 0xB7, 0xB4, 0xF7, 0xF7, 0xEF, 0xC7, 0xE9, 0xDF, 0xDE, 0xDE, 0xF0, 0xF0, 0xD3, 0xEE, 0xE8, 0xE7, 0xE4,
    0xDD, 0x99, 0x93, 0x93, 0x93, 0xCB, 0xCB, 0xC1, 0xC1, 0xDC, 0xE3, 0xCD, 0xCE, 0xD7, 0xC4, 0xA8, 0xA8, 0xA5, 0xA7,
    0xA7, 0xA7, 0x9F, 0xAB, 0xB4, 0xB7, 0xB7, 0xB7, 0xB7, 0xB8, 0xAF, 0xB7, 0xAF, 0xAF, 0xB8, 0xBA, 0xB9, 0xB6, 0xF8,
    0xFC, 0xBC, 0xFF, 0xFF, 0xFF, 0xFF, 0xFF, 0xFF, 0xFF, 0xFF, 0xFF, 0xFF, 0xFF, 0xFF, 0xFF, 0xFF, 0xFF, 0xFF, 0xFF,
    0xFF, 0xFF, 0xFF, 0xFF, 0xFF, 0xFF, 0xFF, 0xFF, 0xFF, 0xFF, 0xFF, 0xFF, 0xFF, 0xFF, 0xFF, 0xFF, 0xFF, 0xFF, 0xFF,
    0xFF, 0xFF, 0xFF, 0xFF, 0xFF, 0xFF, 0xFF, 0xFF, 0xFF, 0xFF, 0xFF, 0xFF, 0xFF, 0xFF, 0xFF, 0xFF, 0xFF, 0xFF, 0xFF,
    0xFF, 0xFF, 0xFF, 0xFF, 0xFF, 0xFF, 0xFF, 0xFF, 0xFF, 0xFF, 0xFF, 0xFF, 0xFF, 0xFF, 0xFF, 0xFF, 0xFF, 0xFF, 0xFF,
    0xFF, 0xFF, 0xFF, 0xFF, 0xFF, 0xFF, 0xFF, 0xFF, 0xFF, 0xFF, 0xBC, 0xFC, 0xF8, 0xB6, 0xB6, 0xB9, 0xB5, 0xEA, 0xB7,
    0xB4, 0xF7, 0xEF, 0xC7, 0xB1, 0xE9, 0xDE, 0xE5, 0xF0, 0xF0, 0xD3, 0xEE, 0xED, 0xE0, 0xE7, 0xE4, 0xDD, 0x93, 0x00,
    0x93, 0x93, 0x99, 0xCB, 0xC0, 0xC1, 0xE2, 0xD6, 0xEB, 0xCE, 0xD7, 0xC4, 0xA2, 0xA9, 0xAE, 0xA5, 0x9E, 0x9F, 0x9F,
    0xAA, 0xB4, 0xB7, 0xB7, 0xB7, 0xB7, 0xAF, 0xAF, 0xAF, 0xB7, 0xB7, 0xB8, 0xBA, 0xB9, 0xB6, 0xBB, 0xFC, 0xBC, 0xFF,
    0xFF, 0xFF, 0xFF, 0xFF, 0xFF, 0xFF, 0xFF, 0xFF, 0xFF, 0xFF, 0xFF, 0xFF, 0xFF, 0xFF, 0xFF, 0xFF, 0xFF, 0xFF, 0xFF,
    0xFF, 0xFF, 0xFF, 0xFF, 0xFF, 0xFF, 0xFF, 0xFF, 0xFF, 0xFF, 0xFF, 0xFF, 0xFF, 0xFF, 0xFF, 0xFF, 0xFF, 0xFF, 0xFF,
    0xFF, 0xFF, 0xFF, 0xFF, 0xFF, 0xFF, 0xFF, 0xFF, 0xFF, 0xFF, 0xFF, 0xFF, 0xFF, 0xFF, 0xFF, 0xFF, 0xFF, 0xFF, 0xFF,
    0xFF, 0xFF, 0xFF, 0xFF, 0xFF, 0xFF, 0xFF, 0xFF, 0xFF, 0xFF, 0xFF, 0xFF, 0xFF, 0xFF, 0xFF, 0xFF, 0xFF, 0xFF, 0xFF,
    0xFF, 0xFF, 0xFF, 0xFF, 0xFF, 0xFF, 0xFF, 0xBC, 0xFC, 0xF8, 0xB6, 0xB9, 0xB9, 0xBA, 0xB8, 0xB7, 0xD4, 0xF7, 0xEF,
    0xC7, 0xE9, 0xDF, 0xDE, 0xE5, 0xD5, 0xD3, 0xEE, 0xED, 0xE8, 0xE0, 0xE6, 0xF1, 0xBE, 0x93, 0x00, 0x93, 0x93, 0x99,
    0xCB, 0xC0, 0xC1, 0xDC, 0xD6, 0xEB, 0xC2, 0xD7, 0xC4, 0xCF, 0xA8, 0xAB, 0xC8, 0xA7, 0x9E, 0x9F, 0xAB, 0xB4, 0xB7,
    0xB7, 0xB7, 0xAF, 0xAF, 0xAF, 0xAF, 0xB7, 0xAF, 0xB8, 0xB8, 0xB9, 0xB6, 0xBB, 0xFC, 0xBC, 0xFD, 0xFF, 0xFF, 0xFF,
    0xFF, 0xFF, 0xFF, 0xFF, 0xFF, 0xFF, 0xFF, 0xFF, 0xFF, 0xFF, 0xFF, 0xFF, 0xFF, 0xFF, 0xFF, 0xFF, 0xFF, 0xFF, 0xFF,
    0xFF, 0xFF, 0xFF, 0xFF, 0xFF, 0xFF, 0xFF, 0xFF, 0xFF, 0xFF, 0xFF, 0xFF, 0xFF, 0xFF, 0xFF, 0xFF, 0xFF, 0xFF, 0xFF,
    0xFF, 0xFF, 0xFF, 0xFF, 0xFF, 0xFF, 0xFF, 0xFF, 0xFF, 0xFF, 0xFF, 0xFF, 0xFF, 0xFF, 0xFF, 0xFF, 0xFF, 0xFF, 0xFF,
    0xFF, 0xFF, 0xFF, 0xFF, 0xFF, 0xFF, 0xFF, 0xFF, 0xFF, 0xFF, 0xFF, 0xFF, 0xFF, 0xFF, 0xFF, 0xFF, 0xFF, 0xFF, 0xFF,
    0xFF, 0xFF, 0xFF, 0xBC, 0x01, 0xFC, 0xF8, 0xB6, 0xB2, 0xB9, 0xB5, 0xEA, 0xB7, 0xD4, 0xF2, 0xC8, 0xC7, 0xE9, 0xDF,
    0xE5, 0xF0, 0xD9, 0xD3, 0xEE, 0xE8, 0xE0, 0xE7, 0xE6, 0xF1, 0xDD, 0xCB, 0x00, 0x93, 0x93, 0x93, 0x99, 0xCB, 0xC1,
    0xDC, 0xE2, 0xEB, 0xC2, 0xD7, 0xA6, 0xA2, 0xA8, 0xA5, 0xAB, 0xAA, 0xA3, 0x9F, 0xAA, 0xB4, 0xB7, 0xB7, 0xAF, 0xAF,
    0xB8, 0xAF, 0xAF, 0xAF, 0xB7, 0xAF, 0xB8, 0xB9, 0xB6, 0xB6, 0xFC, 0x01, 0xBC, 0xFF, 0xFF, 0xFF, 0xFF, 0xFF, 0xFF,
    0xFF, 0xFF, 0xFF, 0xFF, 0xFF, 0xFF, 0xFF, 0xFF, 0xFF, 0xFF, 0xFF, 0xFF, 0xFF, 0xFF, 0xFF, 0xFF, 0xFF, 0xFF, 0xFF,
    0xFF, 0xFF, 0xFF, 0xFF, 0xFF, 0xFF, 0xFF, 0xFF, 0xFF, 0xFF, 0xFF, 0xFF, 0xFF, 0xFF, 0xFF, 0xFF, 0xFF, 0xFF, 0xFF,
    0xFF, 0xFF, 0xFF, 0xFF, 0xFF, 0xFF, 0xFF, 0xFF, 0xFF, 0xFF, 0xFF, 0xFF, 0xFF, 0xFF, 0xFF, 0xFF, 0xFF, 0xFF, 0xFF,
    0xFF, 0xFF, 0xFF, 0xFF, 0xFF, 0xFF, 0xFF, 0xFF, 0xFF, 0xFF, 0xFF, 0xFF, 0xFF, 0xFF, 0xFF, 0xFF, 0xFF, 0xFF, 0xFF,
    0xFD, 0xBC, 0xBB, 0xBB, 0xB6, 0xB6, 0xB9, 0xBA, 0xEA, 0xB4, 0xD4, 0xF2, 0xC8, 0xE9, 0xDF, 0xDE, 0xE5, 0xD9, 0xD3,
    0xEE, 0xED, 0xE8, 0xE0, 0xE7, 0xE4, 0xF1, 0xBE, 0x99, 0x00, 0x93, 0x93, 0x93, 0x99, 0xCB, 0xC0, 0xC1, 0xDC, 0xEB,
    0xC2, 0xC3, 0xA6, 0xCF, 0xA8, 0xA9, 0xA7, 0xAB, 0xB1, 0xA3, 0xAA, 0xB4, 0xB7, 0xAF, 0xB8, 0xAF, 0xB3, 0xB3, 0xBA,
    0xB8, 0xB7, 0xB8, 0xB8, 0xB9, 0xB6, 0xF8, 0xFC, 0x01, 0xBC, 0xFD, 0xFF, 0xFF, 0xFF, 0xFF, 0xFF, 0xFF, 0xFF, 0xFF,
    0xFF, 0xFF, 0xFF, 0xFF, 0xFF, 0xFF, 0xFF, 0xFF, 0xFF, 0xFF, 0xFF, 0xFF, 0xFF, 0xFF, 0xFF, 0xFF, 0xFF, 0xFF, 0xFF,
    0xFF, 0xFF, 0xFF, 0xFF, 0xFF, 0xFF, 0xFF, 0xFF, 0xFF, 0xFF, 0xFF, 0xFF, 0xFF, 0xFF, 0xFF, 0xFF, 0xFF, 0xFF, 0xFF,
    0xFF, 0xFF, 0xFF, 0xFF, 0xFF, 0xFF, 0xFF, 0xFF, 0xFF, 0xFF, 0xFF, 0xFF, 0xFF, 0xFF, 0xFF, 0xFF, 0xFF, 0xFF, 0xFF,
    0xFF, 0xFF, 0xFF, 0xFF, 0xFF, 0xFF, 0xFF, 0xFF, 0xFF, 0xFF, 0xFF, 0xFF, 0xFF, 0xFF, 0xFF, 0xFF, 0xFF, 0xBC, 0xFC,
    0xBB, 0xB6, 0xB2, 0xB9, 0xB5, 0xEA, 0xB7, 0xD4, 0xF2, 0xC7, 0xB1, 0xDF, 0xE5, 0xF0, 0xD9, 0xD3, 0xED, 0xE8, 0xE0,
    0xE7, 0xE6, 0xF1, 0xDD, 0xBE, 0x99, 0x00, 0x00, 0x93, 0x93, 0x99, 0xCB, 0xC0, 0xDC, 0xDC, 0xE3, 0xC2, 0xC3, 0xA6,
    0xC5, 0xA8, 0xA9, 0xA7, 0xA1, 0xA1, 0x86, 0xB1, 0x87, 0xB7, 0xAF, 0xB7, 0xAF, 0xB3, 0xB8, 0xB8, 0xB8, 0xB7, 0x8C,
    0xB8, 0xB9, 0xB6, 0xF8, 0xBB, 0xFC, 0xBC, 0xFD, 0xFD, 0xFF, 0xFF, 0xFF, 0xFF, 0xFF, 0xFF, 0xFF, 0xFF, 0xFF, 0xFF,
    0xFF, 0xFF, 0xFF, 0xFF, 0xFF, 0xFF, 0xFF, 0xFF, 0xFF, 0xFF, 0xFF, 0xFF, 0xFF, 0xFF, 0xFF, 0xFF, 0xFF, 0xFF, 0xFF,
    0xFF, 0xFF, 0xFF, 0xFF, 0xFF, 0xFF, 0xFF, 0xFF, 0xFF, 0xFF, 0xFF, 0xFF, 0xFF, 0xFF, 0xFF, 0xFF, 0xFF, 0xFF, 0xFF,
    0xFF, 0xFF, 0xFF, 0xFF, 0xFF, 0xFF, 0xFF, 0xFF, 0xFF, 0xFF, 0xFF, 0xFF, 0xFF, 0xFF, 0xFF, 0xFF, 0xFF, 0xFF, 0xFF,
    0xFF, 0xFF, 0xFF, 0xFF, 0xFF, 0xFF, 0xFF, 0xFF, 0xFF, 0xFF, 0xFF, 0xFF, 0xFF, 0xFF, 0xBC, 0xBC, 0xBB, 0xB6, 0xB6,
    0xB9, 0xBA, 0xB8, 0xB7, 0xD4, 0xF2, 0xC8, 0xB1, 0xDF, 0xE5, 0xF0, 0xD3, 0xEE, 0xED, 0xE8, 0xE7, 0xE7, 0xE6, 0xF1,
    0xBE, 0xBD, 0x99, 0x00, 0x00, 0x93, 0x93, 0x00, 0xCB, 0xC0, 0xBD, 0xE2, 0xE3, 0xC2, 0xC3, 0xA6, 0xC5, 0xA8, 0xA9,
    0xD0, 0xAA, 0xAE, 0xAE, 0xAE, 0xB4, 0xB7, 0xB7, 0xAF, 0xAF, 0xAF, 0xAF, 0xAF, 0x8C, 0x8B, 0xB4, 0xB7, 0xB9, 0xB6,
    0xF8, 0xBB, 0x01, 0xBC, 0xFD, 0xFF, 0xFF, 0xFF, 0xFF, 0xFF, 0xFF, 0xFF, 0xFF, 0xFF, 0xFF, 0xFF, 0xFF, 0xFF, 0xFF,
    0xFF, 0xFF, 0xFF, 0xFF, 0xFF, 0xFF, 0xFF, 0xFF, 0xFF, 0xFF, 0xFF, 0xFF, 0xFF, 0xFF, 0xFF, 0xFF, 0xFF, 0xFF, 0xFF,
    0xFF, 0xFF, 0xFF, 0xFF, 0xFF, 0xFF, 0xFF, 0xFF, 0xFF, 0xFF, 0xFF, 0xFF, 0xFF, 0xFF, 0xFF, 0xFF, 0xFF, 0xFF, 0xFF,
    0xFF, 0xFF, 0xFF, 0xFF, 0xFF, 0xFF, 0xFF, 0xFF, 0xFF, 0xFF, 0xFF, 0xFF, 0xFF, 0xFF, 0xFF, 0xFF, 0xFF, 0xFF, 0xFF,
    0xFF, 0xFF, 0xFF, 0xFF, 0xFF, 0xFF, 0xFF, 0xFF, 0xFF, 0xFF, 0xFF, 0xBC, 0xFC, 0xBB, 0xB6, 0xB6, 0xB2, 0xBA, 0xEA,
    0xB7, 0xD4, 0xF2, 0xC8, 0xE9, 0xDF, 0xE5, 0xD9, 0xEE, 0xEE, 0xE8, 0xE0, 0xE7, 0xE6, 0xF1, 0xDD, 0xBE, 0xBD, 0x99,
    0x00, 0x00, 0x93, 0xCB, 0x99, 0x93, 0xC0, 0xC1, 0xE2, 0xD6, 0xC2, 0xC9, 0xA6, 0xC4, 0xA8, 0xA9, 0xA5, 0xA7, 0xAB,
    0xB1, 0xA1, 0xB4, 0xB7, 0xB7, 0xB7, 0xB8, 0xAF, 0xAF, 0xAF, 0xB7, 0xB7, 0xB7, 0xB8, 0xB9, 0xB6, 0xB6, 0xFC, 0xBC,
    0xBC, 0xFD, 0xFF, 0xFF, 0xFF, 0xFF, 0xFF, 0xFF, 0xFF, 0xFF, 0xFF, 0xFF, 0xFF, 0xFF, 0xFF, 0xFF, 0xFF, 0xFF, 0xFF,
    0xFF, 0xFF, 0xFF, 0xFF, 0xFF, 0xFF, 0xFF, 0xFF, 0xFF, 0xFF, 0xFF, 0xFF, 0xFF, 0xFF, 0xFF, 0xFF, 0xFF, 0xFF, 0xFF,
    0xFF, 0xFF, 0xFF, 0xFF, 0xFF, 0xFF, 0xFF, 0xFF, 0xFF, 0xFF, 0xFF, 0xFF, 0xFF, 0xFF, 0xFF, 0xFF, 0xFF, 0xFF, 0xFF,
    0xFF, 0xFF, 0xFF, 0xFF, 0xFF, 0xFF, 0xFF, 0xFF, 0xFF, 0xFF, 0xFF, 0xFF, 0xFF, 0xFF, 0xFF, 0xFF, 0xFF, 0xFF, 0xFF,
    0xFF, 0xFF, 0xFF, 0xFF, 0xFF, 0xFF, 0xFF, 0xFF, 0xFF, 0xBC, 0xFC, 0xF8, 0xB6, 0xB9, 0xB5, 0xBA, 0xB7, 0xD4, 0xAD,
    0xC8, 0xB1, 0xDE, 0xE5, 0xD9, 0xD3, 0xED, 0xE8, 0xE0, 0xE6, 0xE4, 0xDD, 0xBE, 0xBE, 0xBD, 0x93, 0x00, 0x00, 0x00,
    0x93, 0x93, 0xCB, 0x99, 0xBD, 0xDC, 0xE3, 0xC2, 0xC3, 0xC9, 0xC5, 0xA8, 0xA8, 0xA5, 0xA7, 0xAE, 0xAA, 0x89, 0xB4,
    0xB7, 0xB8, 0xBA, 0xB3, 0xB8, 0xAF, 0xB7, 0xB7, 0xB7, 0xAF, 0xB8, 0xB9, 0xB6, 0xF8, 0xBB, 0xFC, 0xBC, 0xBC, 0xFF,
    0xFF, 0xFF, 0xFF, 0xFF, 0xFF, 0xFF, 0xFF, 0xFF, 0xFF, 0xFF, 0xFF, 0xFF, 0xFF, 0xFF, 0xFF, 0xFF, 0xFF, 0xFF, 0xFF,
    0xFF, 0xFF, 0xFF, 0xFF, 0xFF, 0xFF, 0xFF, 0xFF, 0xFF, 0xFF, 0xFF, 0xFF, 0xFF, 0xFF, 0xFF, 0xFF, 0xFF, 0xFF, 0xFF,
    0xFF, 0xFF, 0xFF, 0xFF, 0xFF, 0xFF, 0xFF, 0xFF, 0xFF, 0xFF, 0xFF, 0xFF, 0xFF, 0xFF, 0xFF, 0xFF, 0xFF, 0xFF, 0xFF,
    0xFF, 0xFF, 0xFF, 0xFF, 0xFF, 0xFF, 0xFF, 0xFF, 0xFF, 0xFF, 0xFF, 0xFF, 0xFF, 0xFF, 0xFF, 0xFF, 0xFF, 0xFF, 0xFF,
    0xFF, 0xFF, 0xFF, 0xFF, 0xFF, 0xFF, 0x01, 0xBB, 0xBB, 0xB6, 0xB2, 0xB9, 0xB3, 0xB7, 0xF4, 0xF2, 0xC8, 0xE9, 0xDF,
    0xE5, 0xD9, 0xEE, 0xED, 0xE0, 0xD2, 0xE6, 0xDD, 0xD1, 0xBD, 0xBD, 0xC0, 0x99, 0x00, 0x00, 0x00, 0x00, 0x93, 0x99,
    0xC0, 0xBD, 0xDC, 0xE3, 0xBF, 0xC3, 0xA6, 0xC4, 0xA8, 0xA9, 0xA5, 0xA7, 0xAE, 0xB1, 0x89, 0xB4, 0xB7, 0xAF, 0xB7,
    0xB8, 0xB8, 0xB8, 0xAF, 0xB7, 0xB7, 0xAF, 0xBA, 0xB9, 0xB6, 0xB6, 0xFC, 0xFC, 0xBC, 0xFD, 0xFF, 0xFF, 0xFF, 0xFF,
    0xFF, 0xFF, 0xFF, 0xFF, 0xFF, 0xFF, 0xFF, 0xFF, 0xFF, 0xFF, 0xFF, 0xFF, 0xFF, 0xFF, 0xFF, 0xFF, 0xFF, 0xFF, 0xFF,
    0xFF, 0xFF, 0xFF, 0xFF, 0xFF, 0xFF, 0xFF, 0xFF, 0xFF, 0xFF, 0xFF, 0xFF, 0xFF, 0xFF, 0xFF, 0xFF, 0xFF, 0xFF, 0xFF,
    0xFF, 0xFF, 0xFF, 0xFF, 0xFF, 0xFF, 0xFF, 0xFF, 0xFF, 0xFF, 0xFF, 0xFF, 0xFF, 0xFF, 0xFF, 0xFF, 0xFF, 0xFF, 0xFF,
    0xFF, 0xFF, 0xFF, 0xFF, 0xFF, 0xFF, 0xFF, 0xFF, 0xFF, 0xFF, 0xFF, 0xFF, 0xFF, 0xFF, 0xFF, 0xFF, 0xFF, 0xFF, 0xFF,
    0xFF, 0xFF, 0xFD, 0xFF, 0xFC, 0xBB, 0xB6, 0xB9, 0xB9, 0xEA, 0xB7, 0xB4, 0xF7, 0xC8, 0xB1, 0xDF, 0xE5, 0xD9, 0xEE,
    0xDA, 0xE0, 0xD2, 0xE4, 0xDD, 0xBD, 0xBD, 0xC0, 0xC0, 0x93, 0x00, 0x00, 0x00, 0x00, 0x93, 0x99, 0xCB, 0xBD, 0xDC,
    0xE3, 0xC2, 0xC3, 0xA6, 0xC5, 0xA8, 0xA9, 0xA7, 0xAC, 0xAE, 0xB1, 0x89, 0xB0, 0xB7, 0xAF, 0xB8, 0xB8, 0xAF, 0xB7,
    0xAF, 0x8C, 0x8B, 0x8B, 0xB8, 0xB9, 0xB6, 0xBB, 0xBB, 0xFC, 0xBC, 0xBC, 0xFF, 0xFF, 0xFF, 0xFF, 0xFF, 0xFF, 0xFF,
    0xFF, 0xFF, 0xFF, 0xFF, 0xFF, 0xFF, 0xFF, 0xFF, 0xFF, 0xFF, 0xFF, 0xFF, 0xFF, 0xFF, 0xFF, 0xFF, 0xFF, 0xFF, 0xFF,
    0xFF, 0xFF, 0xFF, 0xFF, 0xFF, 0xFF, 0xFF, 0xFF, 0xFF, 0xFF, 0xFF, 0xFF, 0xFF, 0xFF, 0xFF, 0xFF, 0xFF, 0xFF, 0xFF,
    0xFF, 0xFF, 0xFF, 0xFF, 0xFF, 0xFF, 0xFF, 0xFF, 0xFF, 0xFF, 0xFF, 0xFF, 0xFF, 0xFF, 0xFF, 0xFF, 0xFF, 0xFF, 0xFF,
    0xFF, 0xFF, 0xFF, 0xFF, 0xFF, 0xFF, 0xFF, 0xFF, 0xFF, 0xFF, 0xFF, 0xFF, 0xFF, 0xFF, 0xFF, 0xFF, 0xFF, 0xFF, 0xFF,
    0xFF, 0xFC, 0x01, 0xB6, 0xB6, 0xB9, 0xBA, 0xEA, 0xB4, 0xF7, 0xC8, 0xC7, 0xDF, 0xDE, 0xD9, 0xD3, 0xED, 0xE0, 0xD2,
    0xE4, 0xD1, 0xBD, 0xC0, 0xCB, 0xCB, 0x93, 0x00, 0x00, 0x00, 0x00, 0x93, 0x93, 0xCB, 0xC0, 0xBD, 0xE2, 0xC2, 0xC3,
    0xC9, 0xC5, 0xCF, 0xA7, 0xB1, 0xC8, 0xAD, 0xB1, 0xA1, 0xB4, 0xB7, 0xB7, 0xB8, 0xB3, 0xB8, 0xB7, 0xAF, 0xB7, 0xB7,
    0x8B, 0xB8, 0xB9, 0xB6, 0xF8, 0xFC, 0xBC, 0xBC, 0xFF, 0xFF, 0xFF, 0xFF, 0xFF, 0xFF, 0xFF, 0xFF, 0xFF, 0xFF, 0xFF,
    0xFF, 0xFF, 0xFF, 0xFF, 0xFF, 0xFF, 0xFF, 0xFF, 0xFF, 0xFF, 0xFF, 0xFF, 0xFF, 0xFF, 0xFF, 0xFF, 0xFF, 0xFF, 0xFF,
    0xFF, 0xFF, 0xFF, 0xFF, 0xFF, 0xFF, 0xFF, 0xFF, 0xFF, 0xFF, 0xFF, 0xFF, 0xFF, 0xFF, 0xFF, 0xFF, 0xFF, 0xFF, 0xFF,
    0xFF, 0xFF, 0xFF, 0xFF, 0xFF, 0xFF, 0xFF, 0xFF, 0xFF, 0xFF, 0xFF, 0xFF, 0xFF, 0xFF, 0xFF, 0xFF, 0xFF, 0xFF, 0xFF,
    0xFF, 0xFF, 0xFF, 0xFF, 0xFF, 0xFF, 0xFF, 0xFF, 0xFF, 0xFF, 0xFF, 0xFF, 0xFF, 0xFF, 0xFF, 0xFF, 0xFD, 0xBC, 0xFC,
    0xB6, 0xB6, 0xB9, 0xB9, 0xEA, 0xB7, 0xD4, 0xEF, 0xC7, 0xDF, 0xE5, 0xD9, 0xD3, 0xDA, 0xE7, 0xE6, 0xEC, 0xBD, 0xBD,
    0xCB, 0x99, 0x99, 0x00, 0x00, 0x00, 0x00, 0x00, 0x00, 0x93, 0x99, 0xC0, 0xC1, 0xE2, 0xBF, 0xC3, 0xC9, 0xC5, 0xA8,
    0xAC, 0xD0, 0xAC, 0xAA, 0xAB, 0x9E, 0xB0, 0xB7, 0xAF, 0xB8, 0xB8, 0xB8, 0xAF, 0xB7, 0xB7, 0xB7, 0xAF, 0xB8, 0xB9,
    0xB6, 0xBB, 0xBC, 0x01, 0xBC, 0xFD, 0xFF, 0xFF, 0xFF, 0xFF, 0xFF, 0xFF, 0xFF, 0xFF, 0xFF, 0xFF, 0xFF, 0xFF, 0xFF,
    0xFF, 0xFF, 0xFF, 0xFF, 0xFF, 0xFF, 0xFF, 0xFF, 0xFF, 0xFF, 0xFF, 0xFF, 0xFF, 0xFF, 0xFF, 0xFF, 0xFF, 0xFF, 0xFF,
    0xFF, 0xFF, 0xFF, 0xFF, 0xFF, 0xFF, 0xFF, 0xFF, 0xFF, 0xFF, 0xFF, 0xFF, 0xFF, 0xFF, 0xFF, 0xFF, 0xFF, 0xFF, 0xFF,
    0xFF, 0xFF, 0xFF, 0xFF, 0xFF, 0xFF, 0xFF, 0xFF, 0xFF, 0xFF, 0xFF, 0xFF, 0xFF, 0xFF, 0xFF, 0xFF, 0xFF, 0xFF, 0xFF,
    0xFF, 0xFF, 0xFF, 0xFF, 0xFF, 0xFF, 0xFF, 0xFF, 0xFF, 0xFF, 0xFF, 0xFF, 0xFF, 0xFF, 0xFF, 0xBC, 0xB6, 0xB6, 0xB2,
    0xB5, 0xEA, 0xB8, 0xF4, 0xF2, 0xC7, 0xE9, 0xDE, 0xF0, 0xD3, 0xED, 0xE0, 0xD2, 0xDD, 0xBD, 0xC0, 0xCB, 0x99, 0x93,
    0x00, 0x00, 0x00, 0x00, 0x00, 0x00, 0x93, 0x93, 0xCB, 0xBD, 0xD8, 0xBF, 0xC2, 0xC9, 0xC5, 0xA8, 0xAC, 0xAC, 0xAC,
    0xAE, 0xB1, 0xAD, 0x87, 0xAF, 0xAF, 0xB8, 0xB8, 0xB8, 0xB8, 0xB7, 0xAF, 0xB7, 0xAF, 0xBA, 0xB2, 0xB6, 0xBB, 0x01,
    0xFC, 0xBC, 0xBC, 0xFF, 0xFF, 0xFF, 0xFF, 0xFF, 0xFF, 0xFF, 0xFF, 0xFF, 0xFF, 0xFF, 0xFF, 0xFF, 0xFF, 0xFF, 0xFF,
    0xFF, 0xFF, 0xFF, 0xFF, 0xFF, 0xFF, 0xFF, 0xFF, 0xFF, 0xFF, 0xFF, 0xFF, 0xFF, 0xFF, 0xFF, 0xFF, 0xFF, 0xFF, 0xFF,
    0xFF, 0xFF, 0xFF, 0xFF, 0xFF, 0xFF, 0xFF, 0xFF, 0xFF, 0xFF, 0xFF, 0xFF, 0xFF, 0xFF, 0xFF, 0xFF, 0xFF, 0xFF, 0xFF,
    0xFF, 0xFF, 0xFF, 0xFF, 0xFF, 0xFF, 0xFF, 0xFF, 0xFF, 0xFF, 0xFF, 0xFF, 0xFF, 0xFF, 0xFF, 0xFF, 0xFF, 0xFF, 0xFF,
    0xFF, 0xFF, 0xFF, 0xFF, 0xFF, 0xFF, 0xFF, 0xFF, 0xFF, 0xFF, 0xFF, 0xBC, 0xBC, 0xFC, 0xF8, 0xB2, 0xB9, 0xB5, 0xEA,
    0xB7, 0xF7, 0xEF, 0xC7, 0xDE, 0xE5, 0xD9, 0xED, 0xE0, 0xD2, 0xEC, 0xBD, 0xC0, 0xCB, 0x93, 0x93, 0x00, 0x00, 0x00,
    0x00, 0x00, 0x00, 0x00, 0x93, 0xCB, 0xBD, 0xDC, 0xEB, 0xC2, 0xC9, 0xC4, 0xCF, 0xA9, 0xAE, 0xAE, 0xAE, 0x86, 0xAA,
    0xB4, 0xEA, 0xB8, 0xB8, 0xB8, 0xB8, 0xB8, 0xB7, 0x8C, 0xAF, 0xB8, 0xBA, 0xB9, 0xB6, 0xBB, 0x01, 0xBC, 0xBC, 0xFF,
    0xFF, 0xFF, 0xFF, 0xFF, 0xFF, 0xFF, 0xFF, 0xFF, 0xFF, 0xFF, 0xFF, 0xFF, 0xFF, 0xFF, 0xFF, 0xFF, 0xFF, 0xFF, 0xFF,
    0xFF, 0xFF, 0xFF, 0xFF, 0xFF, 0xFF, 0xFF, 0xFF, 0xFF, 0xFF, 0xFF, 0xFF, 0xFF, 0xFF, 0xFF, 0xFF, 0xFF, 0xFF, 0xFF,
    0xFF, 0xFF, 0xFF, 0xFF, 0xFF, 0xFF, 0xFF, 0xFF, 0xFF, 0xFF, 0xFF, 0xFF, 0xFF, 0xFF, 0xFF, 0xFF, 0xFF, 0xFF, 0xFF,
    0xFF, 0xFF, 0xFF, 0xFF, 0xFF, 0xFF, 0xFF, 0xFF, 0xFF, 0xFF, 0xFF, 0xFF, 0xFF, 0xFF, 0xFF, 0xFF, 0xFF, 0xFF, 0xFF,
    0xFF, 0xFF, 0xFF, 0xFF, 0xFF, 0xFF, 0xFF, 0xFF, 0xFF, 0xBC, 0xBB, 0xBB, 0xB6, 0xB2, 0xB9, 0xB3, 0xB7, 0xD4, 0xF2,
    0xC7, 0xDF, 0xE5, 0xD9, 0xEE, 0xE8, 0xD2, 0xEC, 0xBD, 0xC0, 0x99, 0x93, 0x93, 0x00, 0x00, 0x00, 0x00, 0x00, 0x00,
    0x00, 0x93, 0x99, 0xC0, 0xDC, 0xE3, 0xC2, 0xC3, 0xC4, 0xCF, 0xA9, 0xD0, 0xB1, 0xB1, 0xAE, 0x89, 0xB4, 0xAF, 0xB3,
    0xB3, 0xB7, 0xAF, 0xAF, 0xB7, 0xB7, 0xB7, 0xAF, 0xBA, 0xB2, 0xBB, 0xFC, 0xFC, 0xBC, 0xBC, 0xBC, 0xFF, 0xFF, 0xFF,
    0xFF, 0xFF, 0xFF, 0xFF, 0xFF, 0xFF, 0xFF, 0xFF, 0xFF, 0xFF, 0xFF, 0xFF, 0xFF, 0xFF, 0xFF, 0xFF, 0xFF, 0xFF, 0xFF,
    0xFF, 0xFF, 0xFF, 0xFF, 0xFF, 0xFF, 0xFF, 0xFF, 0xFF, 0xFF, 0xFF, 0xFF, 0xFF, 0xFF, 0xFF, 0xFF, 0xFF, 0xFF, 0xFF,
    0xFF, 0xFF, 0xFF, 0xFF, 0xFF, 0xFF, 0xFF, 0xFF, 0xFF, 0xFF, 0xFF, 0xFF, 0xFF, 0xFF, 0xFF, 0xFF, 0xFF, 0xFF, 0xFF,
    0xFF, 0xFF, 0xFF, 0xFF, 0xFF, 0xFF, 0xFF, 0xFF, 0xFF, 0xFF, 0xFF, 0xFF, 0xFF, 0xFF, 0xFF, 0xFF, 0xFF, 0xFF, 0xFF,
    0xFF, 0xFF, 0xFF, 0xFF, 0xFF, 0xFF, 0xBC, 0xBC, 0xF8, 0xF8, 0xB2, 0xB5, 0xB5, 0xB7, 0xF4, 0xF7, 0xC8, 0xB1, 0xDF,
    0xF0, 0xD3, 0xED, 0xE7, 0xE4, 0xD1, 0xBD, 0xCB, 0x93, 0x93, 0x00, 0x00, 0x00, 0x00, 0x00, 0x00, 0x00, 0x93, 0x93,
    0xC0, 0xBD, 0xD8, 0xBF, 0xDA, 0xC9, 0xCF, 0xA8, 0xD0, 0xAC, 0xC8, 0xAA, 0xA1, 0x87, 0xB7, 0xB8, 0xB8, 0xEA, 0xB7,
    0x8C, 0xB7, 0xAF, 0xAF, 0xAF, 0xB5, 0xB2, 0xBB, 0xBB, 0xBC, 0xBC, 0xFF, 0xFF, 0xFF, 0xFF, 0xFF, 0xFF, 0xFF, 0xFF,
    0xFF, 0xFF, 0xFF, 0xFF, 0xFF, 0xFF, 0xFF, 0xFF, 0xFF, 0xFF, 0xFF, 0xFF, 0xFF, 0xFF, 0xFF, 0xFF, 0xFF, 0xFF, 0xFF,
    0xFF, 0xFF, 0xFF, 0xFF, 0xFF, 0xFF, 0xFF, 0xFF, 0xFF, 0xFF, 0xFF, 0xFF, 0xFF, 0xFF, 0xFF, 0xFF, 0xFF, 0xFF, 0xFF,
    0xFF, 0xFF, 0xFF, 0xFF, 0xFF, 0xFF, 0xFF, 0xFF, 0xFF, 0xFF, 0xFF, 0xFF, 0xFF, 0xFF, 0xFF, 0xFF, 0xFF, 0xFF, 0xFF,
    0xFF, 0xFF, 0xFF, 0xFF, 0xFF, 0xFF, 0xFF, 0xFF, 0xFF, 0xFF, 0xFF, 0xFF, 0xFF, 0xFF, 0xFF, 0xFF, 0xFF, 0xFF, 0xFF,
    0xFF, 0xFF, 0xFF, 0xFD, 0xBC, 0xFC, 0xBB, 0xB2, 0xB2, 0xB5, 0xEA, 0xB7, 0xD4, 0xAD, 0xC7, 0xDF, 0xDE, 0xD9, 0xED,
    0xE8, 0xE6, 0xD1, 0xBD, 0xCB, 0x93, 0x93, 0x00, 0x00, 0x00, 0x00, 0x00, 0x00, 0x00, 0x00, 0x93, 0xCB, 0xC0, 0xDC,
    0xE3, 0xC2, 0xC5, 0xC5, 0xA8, 0xA9, 0xD0, 0xAE, 0xAD, 0xAA, 0xB0, 0xAF, 0xAF, 0xB8, 0xB8, 0xB8, 0xAF, 0x8C, 0xB7,
    0xB7, 0xAF, 0xB5, 0xB2, 0xF8, 0xFC, 0xBC, 0xBC, 0xFF, 0xFF, 0xFF, 0xFF, 0xFF, 0xFF, 0xFF, 0xFF, 0xFF, 0xFF, 0xFF,
    0xFF, 0xFF, 0xFF, 0xFF, 0xFF, 0xFF, 0xFF, 0xFF, 0xFF, 0xFF, 0xFF, 0xFF, 0xFF, 0xFF, 0xFF, 0xFF, 0xFF, 0xFF, 0xFF,
    0xFF, 0xFF, 0xFF, 0xFF, 0xFF, 0xFF, 0xFF, 0xFF, 0xFF, 0xFF, 0xFF, 0xFF, 0xFF, 0xFF, 0xFF, 0xFF, 0xFF, 0xFF, 0xFF,
    0xFF, 0xFF, 0xFF, 0xFF, 0xFF, 0xFF, 0xFF, 0xFF, 0xFF, 0xFF, 0xFF, 0xFF, 0xFF, 0xFF, 0xFF, 0xFF, 0xFF, 0xFF, 0xFF,
    0xFF, 0xFF, 0xFF, 0xFF, 0xFF, 0xFF, 0xFF, 0xFF, 0xFF, 0xFF, 0xFF, 0xFF, 0xFF, 0xFF, 0xFF, 0xFF, 0xFF, 0xFF, 0xFF,
    0xFF, 0xFF, 0xBC, 0xF8, 0xB6, 0xB9, 0xB9, 0xB3, 0xB8, 0xD4, 0xF7, 0xC7, 0xE9, 0xDF, 0xE5, 0xD3, 0xED, 0xD2, 0xEC,
    0xBD, 0xCB, 0x99, 0x93, 0x00, 0x00, 0x00, 0x00, 0x00, 0x00, 0x00, 0x00, 0x93, 0x99, 0xC0, 0xC1, 0xD6, 0xBF, 0xDA,
    0xA8, 0xA8, 0xA9, 0xD0, 0xAE, 0xB1, 0xB0, 0xB0, 0xB7, 0xB8, 0xAF, 0xB8, 0xB8, 0xAF, 0xAF, 0xAF, 0xAF, 0xAF, 0xB5,
    0xB6, 0xF8, 0xFC, 0xBC, 0xBC, 0xFF, 0xFF, 0xFF, 0xFF, 0xFF, 0xFF, 0xFF, 0xFF, 0xFF, 0xFF, 0xFF, 0xFF, 0xFF, 0xFF,
    0xFF, 0xFF, 0xFF, 0xFF, 0xFF, 0xFF, 0xFF, 0xFF, 0xFF, 0xFF, 0xFF, 0xFF, 0xFF, 0xFF, 0xFF, 0xFF, 0xFF, 0xFF, 0xFF,
    0xFF, 0xFF, 0xFF, 0xFF, 0xFF, 0xFF, 0xFF, 0xFF, 0xFF, 0xFF, 0xFF, 0xFF, 0xFF, 0xFF, 0xFF, 0xFF, 0xFF, 0xFF, 0xFF,
    0xFF, 0xFF, 0xFF, 0xFF, 0xFF, 0xFF, 0xFF, 0xFF, 0xFF, 0xFF, 0xFF, 0xFF, 0xFF, 0xFF, 0xFF, 0xFF, 0xFF, 0xFF, 0xFF,
    0xFF, 0xFF, 0xFF, 0xFF, 0xFF, 0xFF, 0xFF, 0xFF, 0xFF, 0xFF, 0xFF, 0xFF, 0xFF, 0xFF, 0xFF, 0xFF, 0xFF, 0xFF, 0xBC,
    0x01, 0xB6, 0xB2, 0xB9, 0xBA, 0xB8, 0xB7, 0xF7, 0xC8, 0xB1, 0xDF, 0xDE, 0xD9, 0xED, 0xE0, 0xD2, 0xD1, 0xBD, 0x99,
    0x93, 0x00, 0x00, 0x00, 0x00, 0x00, 0x00, 0x00, 0x00, 0x93, 0x99, 0xCB, 0xC1, 0xE2, 0xEB, 0xC9, 0xC4, 0xCA, 0xA9,
    0xD0, 0xAC, 0xAE, 0xAA, 0xB4, 0xB7, 0xB7, 0xAF, 0xB8, 0xB8, 0xAF, 0xAF, 0xAF, 0xAF, 0xB3, 0xB5, 0xB2, 0xF8, 0xBB,
    0xBC, 0xBC, 0xFF, 0xFF, 0xFF, 0xFF, 0xFF, 0xFF, 0xFF, 0xFF, 0xFF, 0xFF, 0xFF, 0xFF, 0xFF, 0xFF, 0xFF, 0xFF, 0xFF,
    0xFF, 0xFF, 0xFF, 0xFF, 0xFF, 0xFF, 0xFF, 0xFF, 0xFF, 0xFF, 0xFF, 0xFF, 0xFF, 0xFF, 0xFF, 0xFF, 0xFF, 0xFF, 0xFF,
    0xFF, 0xFF, 0xFF, 0xFF, 0xFF, 0xFF, 0xFF, 0xFF, 0xFF, 0xFF, 0xFF, 0xFF, 0xFF, 0xFF, 0xFF, 0xFF, 0xFF, 0xFF, 0xFF,
    0xFF, 0xFF, 0xFF, 0xFF, 0xFF, 0xFF, 0xFF, 0xFF, 0xFF, 0xFF, 0xFF, 0xFF, 0xFF, 0xFF, 0xFF, 0xFF, 0xFF, 0xFF, 0xFF,
    0xFF, 0xFF, 0xFF, 0xFF, 0xFF, 0xFF, 0xFF, 0xFF, 0xFF, 0xFF, 0xFF, 0xFF, 0xFF, 0xFD, 0xFF, 0xBB, 0xFC, 0xB6, 0xB6,
    0xB2, 0xB9, 0xB3, 0xB7, 0xD4, 0xF2, 0xC8, 0xB1, 0xDE, 0xE5, 0xD3, 0xED, 0xE0, 0xE4, 0xBD, 0xC0, 0x99, 0x00, 0x00,
    0x00, 0x00, 0x00, 0x00, 0x00, 0x00, 0x93, 0x99, 0xCB, 0xBD, 0xDC, 0xBF, 0xC3, 0xC4, 0xCF, 0xC6, 0xC6, 0xD0, 0xB1,
    0xB1, 0xAD, 0xB7, 0xB7, 0xB7, 0xB8, 0xAF, 0xAF, 0xB7, 0xB7, 0x8C, 0xB8, 0xB5, 0xB6, 0xBB, 0xBB, 0x01, 0xBC, 0xFF,
    0xFF, 0xFF, 0xFF, 0xFF, 0xFF, 0xFF, 0xFF, 0xFF, 0xFF, 0xFF, 0xFF, 0xFF, 0xFF, 0xFF, 0xFF, 0xFF, 0xFF, 0xFF, 0xFF,
    0xFF, 0xFF, 0xFF, 0xFF, 0xFF, 0xFF, 0xFF, 0xFF, 0xFF, 0xFF, 0xFF, 0xFF, 0xFF, 0xFF, 0xFF, 0xFF, 0xFF, 0xFF, 0xFF,
    0xFF, 0xFF, 0xFF, 0xFF, 0xFF, 0xFF, 0xFF, 0xFF, 0xFF, 0xFF, 0xFF, 0xFF, 0xFF, 0xFF, 0xFF, 0xFF, 0xFF, 0xFF, 0xFF,
    0xFF, 0xFF, 0xFF, 0xFF, 0xFF, 0xFF, 0xFF, 0xFF, 0xFF, 0xFF, 0xFF, 0xFF, 0xFF, 0xFF, 0xFF, 0xFF, 0xFF, 0xFF, 0xFF,
    0xFF, 0xFF, 0xFF, 0xFF, 0xFF, 0xFF, 0xFF, 0xFF, 0xFF, 0xFF, 0xFF, 0xFF, 0xFF, 0xBC, 0xBB, 0xB6, 0xB6, 0xB9, 0xBA,
    0xB8, 0xB7, 0xF7, 0xEF, 0xC7, 0xDF, 0xDE, 0xE5, 0xD3, 0xDA, 0xD2, 0xDD, 0xBD, 0xC0, 0x93, 0x00, 0x00, 0x00, 0x00,
    0x00, 0x00, 0x00, 0x00, 0x99, 0xC0, 0xC1, 0xDC, 0xE3, 0xC3, 0xC4, 0xC5, 0xDF, 0xB1, 0xD0, 0xAC, 0xB1, 0xAB, 0xB4,
    0xB7, 0xAF, 0xB7, 0xB7, 0xAF, 0xB7, 0x8C, 0xAF, 0xB8, 0xB5, 0xB6, 0xF8, 0xFC, 0xBC, 0x01, 0xFD, 0xFF, 0xFF, 0xFF,
    0xFF, 0xFF, 0xFF, 0xFF, 0xFF, 0xFF, 0xFF, 0xFF, 0xFF, 0xFF, 0xFF, 0xFF, 0xFF, 0xFF, 0xFF, 0xFF, 0xFF, 0xFF, 0xFF,
    0xFF, 0xFF, 0xFF, 0xFF, 0xFF, 0xFF, 0xFF, 0xFF, 0xFF, 0xFF, 0xFF, 0xFF, 0xFF, 0xFF, 0xFF, 0xFF, 0xFF, 0xFF, 0xFF,
    0xFF, 0xFF, 0xFF, 0xFF, 0xFF, 0xFF, 0xFF, 0xFF, 0xFF, 0xFF, 0xFF, 0xFF, 0xFF, 0xFF, 0xFF, 0xFF, 0xFF, 0xFF, 0xFF,
    0xFF, 0xFF, 0xFF, 0xFF, 0xFF, 0xFF, 0xFF, 0xFF, 0xFF, 0xFF, 0xFF, 0xFF, 0xFF, 0xFF, 0xFF, 0xFF, 0xFF, 0xFF, 0xFF,
    0xFF, 0xFF, 0xFF, 0xFF, 0xFF, 0xFF, 0xFF, 0xFF, 0xFF, 0xFD, 0xFC, 0xFC, 0xF8, 0xB6, 0xB9, 0xB5, 0xB8, 0xB7, 0xD4,
    0xAD, 0xC8, 0xDF, 0xDF, 0xE5, 0xF0, 0xEE, 0xE0, 0xE4, 0xD1, 0xBD, 0xCB, 0x00, 0x00, 0x00, 0x00, 0x00, 0x00, 0x00,
    0x93, 0x99, 0xCB, 0xC1, 0xE2, 0xEB, 0xC3, 0xC9, 0xC5, 0xCA, 0xB1, 0xAE, 0xA9, 0xAE, 0xAB, 0xB4, 0xB4, 0xB8, 0xB7,
    0xB7, 0xB7, 0xB4, 0xB7, 0xB7, 0xAF, 0xB5, 0xB2, 0xF8, 0xFC, 0xBC, 0xBC, 0xFF, 0xFF, 0xFF, 0xFF, 0xFF, 0xFF, 0xFF,
    0xFF, 0xFF, 0xFF, 0xFF, 0xFF, 0xFF, 0xFF, 0xFF, 0xFF, 0xFF, 0xFF, 0xFF, 0xFF, 0xFF, 0xFF, 0xFF, 0xFF, 0xFF, 0xFF,
    0xFF, 0xFF, 0xFF, 0xFF, 0xFF, 0xFF, 0xFF, 0xFF, 0xFF, 0xFF, 0xFF, 0xFF, 0xFF, 0xFF, 0xFF, 0xFF, 0xFF, 0xFF, 0xFF,
    0xFF, 0xFF, 0xFF, 0xFF, 0xFF, 0xFF, 0xFF, 0xFF, 0xFF, 0xFF, 0xFF, 0xFF, 0xFF, 0xFF, 0xFF, 0xFF, 0xFF, 0xFF, 0xFF,
    0xFF, 0xFF, 0xFF, 0xFF, 0xFF, 0xFF, 0xFF, 0xFF, 0xFF, 0xFF, 0xFF, 0xFF, 0xFF, 0xFF, 0xFF, 0xFF, 0xFF, 0xFF, 0xFF,
    0xFF, 0xFF, 0xFF, 0xFF, 0xFF, 0xFF, 0xBC, 0xBC, 0x01, 0xBB, 0xB6, 0xB9, 0xB9, 0xB3, 0xB7, 0xD4, 0xF7, 0xAD, 0xC7,
    0xE9, 0xDE, 0xF0, 0xD3, 0xED, 0xE0, 0xE4, 0xD1, 0xC0, 0x00, 0x00, 0x00, 0x00, 0x00, 0x00, 0x93, 0x93, 0x99, 0xC0,
    0xC1, 0xDC, 0xEB, 0xC3, 0xC9, 0xC4, 0xCF, 0xCA, 0xB1, 0xAC, 0xA9, 0xAA, 0xF7, 0xB4, 0xB4, 0xB7, 0xB7, 0xB7, 0xB4,
    0xB4, 0x8C, 0xAF, 0xBA, 0xB6, 0xB6, 0xFC, 0xBC, 0xBC, 0xFF, 0xFF, 0xFF, 0xFF, 0xFF, 0xFF, 0xFF, 0xFF, 0xFF, 0xFF,
    0xFF, 0xFF, 0xFF, 0xFF, 0xFF, 0xFF, 0xFF, 0xFF, 0xFF, 0xFF, 0xFF, 0xFF, 0xFF, 0xFF, 0xFF, 0xFF, 0xFF, 0xFF, 0xFF,
    0xFF, 0xFF, 0xFF, 0xFF, 0xFF, 0xFF, 0xFF, 0xFF, 0xFF, 0xFF, 0xFF, 0xFF, 0xFF, 0xFF, 0xFF, 0xFF, 0xFF, 0xFF, 0xFF,
    0xFF, 0xFF, 0xFF, 0xFF, 0xFF, 0xFF, 0xFF, 0xFF, 0xFF, 0xFF, 0xFF, 0xFF, 0xFF, 0xFF, 0xFF, 0xFF, 0xFF, 0xFF, 0xFF,
    0xFF, 0xFF, 0xFF, 0xFF, 0xFF, 0xFF, 0xFF, 0xFF, 0xFF, 0xFF, 0xFF, 0xFF, 0xFF, 0xFF, 0xFF, 0xFF, 0xFF, 0xFF, 0xFF,
    0xFF, 0xFF, 0xFF, 0xBC, 0xBC, 0xFC, 0xBB, 0xB6, 0xB6, 0xB9, 0xB5, 0xEA, 0xB7, 0xD4, 0xF2, 0xC7, 0xE9, 0xDF, 0xE5,
    0xF0, 0xD3, 0xE8, 0xE7, 0xF1, 0xBD, 0x93, 0x00, 0x00, 0x00, 0x00, 0x93, 0x93, 0x99, 0xCB, 0xC0, 0xDC, 0xE3, 0xBF,
    0xC2, 0xC9, 0xC4, 0xCF, 0xCA, 0xA9, 0xAE, 0xAC, 0xAE, 0xAD, 0xD4, 0xB4, 0xB4, 0xB7, 0xB4, 0xB4, 0x8B, 0x8C, 0xAF,
    0xBA, 0xB6, 0xB6, 0xFC, 0xFC, 0xBC, 0xFF, 0xFF, 0xFF, 0xFF, 0xFF, 0xFF, 0xFF, 0xFF, 0xFF, 0xFF, 0xFF, 0xFF, 0xFF,
    0xFF, 0xFF, 0xFF, 0xFF, 0xFF, 0xFF, 0xFF, 0xFF, 0xFF, 0xFF, 0xFF, 0xFF, 0xFF, 0xFF, 0xFF, 0xFF, 0xFF, 0xFF, 0xFF,
    0xFF, 0xFF, 0xFF, 0xFF, 0xFF, 0xFF, 0xFF, 0xFF, 0xFF, 0xFF, 0xFF, 0xFF, 0xFF, 0xFF, 0xFF, 0xFF, 0xFF, 0xFF, 0xFF,
    0xFF, 0xFF, 0xFF, 0xFF, 0xFF, 0xFF, 0xFF, 0xFF, 0xFF, 0xFF, 0xFF, 0xFF, 0xFF, 0xFF, 0xFF, 0xFF, 0xFF, 0xFF, 0xFF,
    0xFF, 0xFF, 0xFF, 0xFF, 0xFF, 0xFF, 0xFF, 0xFF, 0xFF, 0xFF, 0xFF, 0xFF, 0xFF, 0xFF, 0xFF, 0xFF, 0xFF, 0xFF, 0xFF,
    0xFF, 0xBC, 0xBC, 0xBB, 0xB6, 0xB6, 0xB9, 0xB5, 0xEA, 0xB7, 0xD4, 0xF7, 0xEF, 0xC7, 0xDF, 0xDE, 0xF0, 0xD9, 0xEE,
    0xE0, 0xE6, 0xD1, 0x93, 0x93, 0x93, 0x93, 0x93, 0x99, 0x99, 0xCB, 0xC0, 0xC1, 0xE2, 0xC4, 0xC3, 0xC3, 0xC9, 0xC4,
    0xCF, 0xA8, 0xCA, 0xD0, 0xAC, 0xB1, 0xF2, 0xF7, 0xB0, 0xD4, 0xB4, 0xB4, 0x8B, 0x87, 0x8B, 0x8C, 0xB5, 0xB6, 0xB6,
    0xFC, 0xFC, 0xFD, 0xFF, 0xFF, 0xFF, 0xFF, 0xFF, 0xFF, 0xFF, 0xFF, 0xFF, 0xFF, 0xFF, 0xFF, 0xFF, 0xFF, 0xFF, 0xFF,
    0xFF, 0xFF, 0xFF, 0xFF, 0xFF, 0xFF, 0xFF, 0xFF, 0xFF, 0xFF, 0xFF, 0xFF, 0xFF, 0xFF, 0xFF, 0xFF, 0xFF, 0xFF, 0xFF,
    0xFF, 0xFF, 0xFF, 0xFF, 0xFF, 0xFF, 0xFF, 0xFF, 0xFF, 0xFF, 0xFF, 0xFF, 0xFF, 0xFF, 0xFF, 0xFF, 0xFF, 0xFF, 0xFF,
    0xFF, 0xFF, 0xFF, 0xFF, 0xFF, 0xFF, 0xFF, 0xFF, 0xFF, 0xFF, 0xFF, 0xFF, 0xFF, 0xFF, 0xFF, 0xFF, 0xFF, 0xFF, 0xFF,
    0xFF, 0xFF, 0xFF, 0xFF, 0xFF, 0xFF, 0xFF, 0xFF, 0xFF, 0xFF, 0xFF, 0xFF, 0xFF, 0xFF, 0xFF, 0xFF, 0xFF, 0xFD, 0xBC,
    0xBB, 0xF8, 0xB6, 0xB2, 0xB9, 0xBA, 0xEA, 0xB7, 0xD4, 0xAD, 0xC7, 0xB1, 0xDF, 0xE5, 0xF0, 0xD3, 0xE8, 0xE7, 0xE4,
    0x99, 0x93, 0x93, 0x93, 0x93, 0x99, 0xCB, 0xC0, 0xBD, 0xC1, 0xD8, 0xC3, 0xD9, 0xDA, 0xC2, 0xC5, 0xCF, 0xCA, 0xCA,
    0xD0, 0xD0, 0xB1, 0xAD, 0xAD, 0xF7, 0xD4, 0xB4, 0x8B, 0xB0, 0xB0, 0x8B, 0x8B, 0xB3, 0xB6, 0xF8, 0xBB, 0xFC, 0xBC,
    0xFF, 0xFF, 0xFF, 0xFF, 0xFF, 0xFF, 0xFF, 0xFF, 0xFF, 0xFF, 0xFF, 0xFF, 0xFF, 0xFF, 0xFF, 0xFF, 0xFF, 0xFF, 0xFF,
    0xFF, 0xFF, 0xFF, 0xFF, 0xFF, 0xFF, 0xFF, 0xFF, 0xFF, 0xFF, 0xFF, 0xFF, 0xFF, 0xFF, 0xFF, 0xFF, 0xFF, 0xFF, 0xFF,
    0xFF, 0xFF, 0xFF, 0xFF, 0xFF, 0xFF, 0xFF, 0xFF, 0xFF, 0xFF, 0xFF, 0xFF, 0xFF, 0xFF, 0xFF, 0xFF, 0xFF, 0xFF, 0xFF,
    0xFF, 0xFF, 0xFF, 0xFF, 0xFF, 0xFF, 0xFF, 0xFF, 0xFF, 0xFF, 0xFF, 0xFF, 0xFF, 0xFF, 0xFF, 0xFF, 0xFF, 0xFF, 0xFF,
    0xFF, 0xFF, 0xFF, 0xFF, 0xFF, 0xFF, 0xFF, 0xFF, 0xFF, 0xFF, 0xFF, 0xFF, 0xFF, 0xFF, 0xFF, 0xBC, 0xFC, 0xBB, 0xB6,
    0xB6, 0xB9, 0xB5, 0xEA, 0xB7, 0xF4, 0xF2, 0xEF, 0xC7, 0xE9, 0xDE, 0xE5, 0xD9, 0xED, 0xE0, 0xE4, 0xCB, 0x99, 0x93,
    0x99, 0xCB, 0xCB, 0xC0, 0xBD, 0xBD, 0xDC, 0xD8, 0xBF, 0xCA, 0xCA, 0xC9, 0xA6, 0xCA, 0xCA, 0xD0, 0xD0, 0xAC, 0xB1,
    0xAD, 0xAD, 0xB0, 0xD4, 0xB4, 0xAD, 0xAD, 0x8A, 0xB0, 0x8B, 0xB8, 0xB6, 0xF8, 0xBB, 0xFC, 0xBC, 0xFD, 0xFF, 0xFF,
    0xFF, 0xFF, 0xFF, 0xFF, 0xFF, 0xFF, 0xFF, 0xFF, 0xFF, 0xFF, 0xFF, 0xFF, 0xFF, 0xFF, 0xFF, 0xFF, 0xFF, 0xFF, 0xFF,
    0xFF, 0xFF, 0xFF, 0xFF, 0xFF, 0xFF, 0xFF, 0xFF, 0xFF, 0xFF, 0xFF, 0xFF, 0xFF, 0xFF, 0xFF, 0xFF, 0xFF, 0xFF, 0xFF,
    0xFF, 0xFF, 0xFF, 0xFF, 0xFF, 0xFF, 0xFF, 0xFF, 0xFF, 0xFF, 0xFF, 0xFF, 0xFF, 0xFF, 0xFF, 0xFF, 0xFF, 0xFF, 0xFF,
    0xFF, 0xFF, 0xFF, 0xFF, 0xFF, 0xFF, 0xFF, 0xFF, 0xFF, 0xFF, 0xFF, 0xFF, 0xFF, 0xFF, 0xFF, 0xFF, 0xFF, 0xFF, 0xFF,
    0xFF, 0xFF, 0xFF, 0xFF, 0xFF, 0xFF, 0xFF, 0xFF, 0xFF, 0xFF, 0xFF, 0xFF, 0xFF, 0xFC, 0xBB, 0xB6, 0xB6, 0xB9, 0xB9,
    0xB3, 0xEA, 0xB7, 0xF7, 0xF2, 0xC8, 0xC7, 0xDF, 0xDE, 0xF0, 0xEE, 0xE8, 0xD2, 0xCB, 0x99, 0xCB, 0xCB, 0xCB, 0xC0,
    0xBD, 0xBD, 0xDC, 0xE2, 0xE3, 0xBF, 0xC5, 0xCA, 0xC6, 0xC9, 0xC5, 0xC6, 0xD0, 0xAC, 0xAE, 0xAE, 0xF7, 0xF7, 0xD4,
    0xD4, 0xAD, 0xAD, 0x89, 0x8A, 0xB0, 0x87, 0xAF, 0xB9, 0xB6, 0xB6, 0xFC, 0xBC, 0xBC, 0xBC, 0xFF, 0xFF, 0xFF, 0xFF,
    0xFF, 0xFF, 0xFF, 0xFF, 0xFF, 0xFF, 0xFF, 0xFF, 0xFF, 0xFF, 0xFF, 0xFF, 0xFF, 0xFF, 0xFF, 0xFF, 0xFF, 0xFF, 0xFF,
    0xFF, 0xFF, 0xFF, 0xFF, 0xFF, 0xFF, 0xFF, 0xFF, 0xFF, 0xFF, 0xFF, 0xFF, 0xFF, 0xFF, 0xFF, 0xFF, 0xFF, 0xFF, 0xFF,
    0xFF, 0xFF, 0xFF, 0xFF, 0xFF, 0xFF, 0xFF, 0xFF, 0xFF, 0xFF, 0xFF, 0xFF, 0xFF, 0xFF, 0xFF, 0xFF, 0xFF, 0xFF, 0xFF,
    0xFF, 0xFF, 0xFF, 0xFF, 0xFF, 0xFF, 0xFF, 0xFF, 0xFF, 0xFF, 0xFF, 0xFF, 0xFF, 0xFF, 0xFF, 0xFF, 0xFF, 0xFF, 0xFF,
    0xFF, 0xFF, 0xFF, 0xFF, 0xFF, 0xFF, 0xFF, 0xFF, 0xFF, 0xBC, 0xBC, 0xBB, 0xF8, 0xB6, 0xB2, 0xB9, 0xBA, 0xEA, 0xB7,
    0xD4, 0xF7, 0xEF, 0xC7, 0xE9, 0xDF, 0xDE, 0xD9, 0xED, 0xE7, 0xBD, 0xCB, 0xCB, 0xC0, 0xBD, 0xBD, 0xBD, 0xDC, 0xE2,
    0xE3, 0xBF, 0xC3, 0xC5, 0xD0, 0xD0, 0xC6, 0xC4, 0xA8, 0xD0, 0xAC, 0xAE, 0xB1, 0xAD, 0xAD, 0xD4, 0xB0, 0xB0, 0x89,
    0xAD, 0xAD, 0xAD, 0xB0, 0xAF, 0xB9, 0xB6, 0xBB, 0x01, 0x01, 0xBC, 0xFD, 0xFF, 0xFF, 0xFF, 0xFF, 0xFF, 0xFF, 0xFF,
    0xFF, 0xFF, 0xFF, 0xFF, 0xFF, 0xFF, 0xFF, 0xFF, 0xFF, 0xFF, 0xFF, 0xFF, 0xFF, 0xFF, 0xFF, 0xFF, 0xFF, 0xFF, 0xFF,
    0xFF, 0xFF, 0xFF, 0xFF, 0xFF, 0xFF, 0xFF, 0xFF, 0xFF, 0xFF, 0xFF, 0xFF, 0xFF, 0xFF, 0xFF, 0xFF, 0xFF, 0xFF, 0xFF,
    0xFF, 0xFF, 0xFF, 0xFF, 0xFF, 0xFF, 0xFF, 0xFF, 0xFF, 0xFF, 0xFF, 0xFF, 0xFF, 0xFF, 0xFF, 0xFF, 0xFF, 0xFF, 0xFF,
    0xFF, 0xFF, 0xFF, 0xFF, 0xFF, 0xFF, 0xFF, 0xFF, 0xFF, 0xFF, 0xFF, 0xFF, 0xFF, 0xFF, 0xFF, 0xFF, 0xFF, 0xFF, 0xFF,
    0xFF, 0xFF, 0xFF, 0xFF, 0xFF, 0x01, 0x01, 0x01, 0xBB, 0xB6, 0x78, 0xB2, 0x82, 0xB5, 0xEA, 0xB7, 0xB7, 0xB0, 0xF2,
    0xC8, 0xC7, 0xB1, 0xDF, 0xE5, 0xD3, 0xE8, 0xBD, 0xCB, 0xC0, 0xC0, 0xBD, 0xBD, 0xD8, 0xD8, 0xE3, 0xBF, 0xC3, 0xC9,
    0xC4, 0xCF, 0xC6, 0xAE, 0xCA, 0xCA, 0xC6, 0xAE, 0xAE, 0xAA, 0xF7, 0xAD, 0xB0, 0xD4, 0xAD, 0xB0, 0x88, 0x8A, 0x8A,
    0xAD, 0xAF, 0xB2, 0xB6, 0xF8, 0xBB, 0xFC, 0xBC, 0xFF, 0xFF, 0xFF, 0xFF, 0xFF, 0xFF, 0xFF, 0xFF, 0xFF, 0xFF, 0xFF,
    0xFF, 0xFF, 0xFF, 0xFF, 0xFF, 0xFF, 0xFF, 0xFF, 0xFF, 0xFF, 0xFF, 0xFF, 0xFF, 0xFF, 0xFF, 0xFF, 0xFF, 0xFF, 0xFF,
    0xFF, 0xFF, 0xFF, 0xFF, 0xFF, 0xFF, 0xFF, 0xFF, 0xFF, 0xFF, 0xFF, 0xFF, 0xFF, 0xFF, 0xFF, 0xFF, 0xFF, 0xFF, 0xFF,
    0xFF, 0xFF, 0xFF, 0xFF, 0xFF, 0xFF, 0xFF, 0xFF, 0xFF, 0xFF, 0xFF, 0xFF, 0xFF, 0xFF, 0xFF, 0xFF, 0xFF, 0xFF, 0xFF,
    0xFF, 0xFF, 0xFF, 0xFF, 0xFF, 0xFF, 0xFF, 0xFF, 0xFF, 0xFF, 0xFF, 0xFF, 0xFF, 0xFF, 0xFF, 0x01, 0x01, 0x01, 0x01,
    0x01, 0x01, 0x66, 0x79, 0x78, 0x78, 0x78, 0x77, 0x02, 0xA4, 0xA4, 0xAF, 0xB7, 0xB4, 0xB0, 0xAD, 0xC8, 0xC8, 0xB1,
    0xAE, 0xDE, 0xCA, 0xED, 0xDC, 0xBD, 0xBD, 0xBD, 0xC1, 0xDC, 0xD8, 0xE3, 0xBF, 0xC2, 0xC9, 0xC4, 0xC5, 0xCF, 0xA9,
    0xD0, 0xAC, 0xD0, 0xA3, 0xAC, 0xB1, 0xAA, 0xF7, 0xD4, 0xB0, 0xAD, 0xAD, 0xD4, 0xB0, 0xAE, 0xAB, 0xAD, 0xB8, 0xB9,
    0xB6, 0xB6, 0xBB, 0xFC, 0xBC, 0xFD, 0xFF, 0xFF, 0xFF, 0xFF, 0xFF, 0xFF, 0xFF, 0xFF, 0xFF, 0xFF, 0xFF, 0xFF, 0xFF,
    0xFF, 0xFF, 0xFF, 0xFF, 0xFF, 0xFF, 0xFF, 0xFF, 0xFF, 0xFF, 0xFF, 0xFF, 0xFF, 0xFF, 0xFF, 0xFF, 0xFF, 0xFF, 0xFF,
    0xFF, 0xFF, 0xFF, 0xFF, 0xFF, 0xFF, 0xFF, 0xFF, 0xFF, 0xFF, 0xFF, 0xFF, 0xFF, 0xFF, 0xFF, 0xFF, 0xFF, 0xFF, 0xFF,
    0xFF, 0xFF, 0xFF, 0xFF, 0xFF, 0xFF, 0xFF, 0xFF, 0xFF, 0xFF, 0xFF, 0xFF, 0xFF, 0xFF, 0xFF, 0xFF, 0xFF, 0xFF, 0xFF,
    0xFF, 0xFF, 0xFF, 0xFF, 0xFF, 0xFF, 0xFF, 0xFF, 0xFF, 0xFF, 0xFF, 0x01, 0x01, 0x66, 0x66, 0x64, 0x64, 0x64, 0x64,
    0x64, 0x5F, 0x59, 0x2C, 0x2C, 0x60, 0x68, 0x55, 0x73, 0x80, 0x72, 0x84, 0x84, 0xA1, 0xA1, 0xB1, 0xA7, 0xD0, 0xCA,
    0xC4, 0xE2, 0xBD, 0xC1, 0xDC, 0xDC, 0xE2, 0xE3, 0xBF, 0xC3, 0xDA, 0xC4, 0xC5, 0xA8, 0xCA, 0xD0, 0xD0, 0xAC, 0xAE,
    0xB1, 0xAE, 0xB1, 0xAB, 0xB0, 0xB0, 0xB0, 0xB0, 0xAD, 0xAB, 0xB4, 0xAD, 0xB1, 0xAB, 0xAF, 0xB9, 0xB2, 0xB6, 0xBB,
    0x01, 0xBC, 0xFD, 0xFF, 0xFF, 0xFF, 0xFF, 0xFF, 0xFF, 0xFF, 0xFF, 0xFF, 0xFF, 0xFF, 0xFF, 0xFF, 0xFF, 0xFF, 0xFF,
    0xFF, 0xFF, 0xFF, 0xFF, 0xFF, 0xFF, 0xFF, 0xFF, 0xFF, 0xFF, 0xFF, 0xFF, 0xFF, 0xFF, 0xFF, 0xFF, 0xFF, 0xFF, 0xFF,
    0xFF, 0xFF, 0xFF, 0xFF, 0xFF, 0xFF, 0xFF, 0xFF, 0xFF, 0xFF, 0xFF, 0xFF, 0xFF, 0xFF, 0xFF, 0xFF, 0xFF, 0xFF, 0xFF,
    0xFF, 0xFF, 0xFF, 0xFF, 0xFF, 0xFF, 0xFF, 0xFF, 0xFF, 0xFF, 0xFF, 0xFF, 0xFF, 0xFF, 0xFF, 0xFF, 0xFF, 0xFF, 0xFF,
    0xFF, 0xFF, 0xFF, 0xFF, 0xFF, 0xFF, 0xFF, 0x01, 0x01, 0x01, 0x66, 0x64, 0x64, 0x64, 0x5F, 0x5F, 0x63, 0x63, 0x5E,
    0x60, 0x68, 0x68, 0x31, 0x6D, 0x5D, 0x67, 0x67, 0x67, 0x5B, 0x6C, 0x70, 0x83, 0x7E, 0x7E, 0x9B, 0x9A, 0xD6, 0xC1,
    0xDC, 0xDC, 0xE2, 0xBF, 0xC2, 0xC3, 0xC3, 0xC4, 0xC5, 0xCA, 0xCA, 0xD0, 0xAC, 0xAE, 0xB1, 0xB1, 0xAA, 0xAA, 0xAA,
    0xAB, 0xD4, 0xB0, 0xB0, 0xB4, 0xF7, 0x8A, 0xAB, 0xD4, 0xB0, 0xB1, 0x8C, 0xB9, 0xB6, 0xB6, 0xB6, 0xBB, 0xBC, 0xBC,
    0xFF, 0xFF, 0xFF, 0xFF, 0xFF, 0xFF, 0xFF, 0xFF, 0xFF, 0xFF, 0xFF, 0xFF, 0xFF, 0xFF, 0xFF, 0xFF, 0xFF, 0xFF, 0xFF,
    0xFF, 0xFF, 0xFF, 0xFF, 0xFF, 0xFF, 0xFF, 0xFF, 0xFF, 0xFF, 0xFF, 0xFF, 0xFF, 0xFF, 0xFF, 0xFF, 0xFF, 0xFF, 0xFF,
    0xFF, 0xFF, 0xFF, 0xFF, 0xFF, 0xFF, 0xFF, 0xFF, 0xFF, 0xFF, 0xFF, 0xFF, 0xFF, 0xFF, 0xFF, 0xFF, 0xFF, 0xFF, 0xFF,
    0xFF, 0xFF, 0xFF, 0xFF, 0xFF, 0xFF, 0xFF, 0xFF, 0xFF, 0xFF, 0xFF, 0xFF, 0xFF, 0xFF, 0xFF, 0xFF, 0xFF, 0xFF, 0xFF,
    0xFF, 0xFF, 0xFF, 0xFF, 0xFF, 0x01, 0x01, 0x66, 0x64, 0x64, 0x64, 0x5F, 0x63, 0x63, 0x60, 0x65, 0x68, 0x2D, 0x31,
    0x44, 0x44, 0x2F, 0x5B, 0x2F, 0x58, 0x57, 0x57, 0x57, 0x57, 0x56, 0x56, 0x6E, 0x69, 0xE3, 0xC1, 0xE2, 0xD6, 0xE3,
    0xBF, 0xC3, 0xC9, 0xC4, 0xC5, 0xA8, 0xC6, 0xD0, 0xAC, 0xAE, 0xAE, 0xB1, 0xAA, 0xAA, 0x89, 0xAB, 0xAB, 0xB4, 0xD4,
    0xD4, 0xB0, 0xB4, 0xAD, 0x89, 0xAB, 0xAD, 0xAD, 0x8B, 0xB9, 0xB9, 0xB6, 0xB6, 0xBB, 0x01, 0xFD, 0xFF, 0xFF, 0xFF,
    0xFF, 0xFF, 0xFF, 0xFF, 0xFF, 0xFF, 0xFF, 0xFF, 0xFF, 0xFF, 0xFF, 0xFF, 0xFF, 0xFF, 0xFF, 0xFF, 0xFF, 0xFF, 0xFF,
    0xFF, 0xFF, 0xFF, 0xFF, 0xFF, 0xFF, 0xFF, 0xFF, 0xFF, 0xFF, 0xFF, 0xFF, 0xFF, 0xFF, 0xFF, 0xFF, 0xFF, 0xFF, 0xFF,
    0xFF, 0xFF, 0xFF, 0xFF, 0xFF, 0xFF, 0xFF, 0xFF, 0xFF, 0xFF, 0xFF, 0xFF, 0xFF, 0xFF, 0xFF, 0xFF, 0xFF, 0xFF, 0xFF,
    0xFF, 0xFF, 0xFF, 0xFF, 0xFF, 0xFF, 0xFF, 0xFF, 0xFF, 0xFF, 0xFF, 0xFF, 0xFF, 0xFF, 0xFF, 0xFF, 0xFF, 0xFF, 0xFF,
    0xFF, 0xFF, 0xFF, 0x01, 0x66, 0x64, 0x64, 0x64, 0x63, 0x63, 0x2C, 0x32, 0x38, 0x31, 0x5D, 0x42, 0x42, 0x5B, 0x58,
    0x58, 0x4D, 0x51, 0x51, 0x51, 0x51, 0x51, 0x48, 0x49, 0x49, 0x41, 0x8E, 0xDC, 0xD6, 0xE3, 0xC2, 0xDA, 0xDA, 0xC9,
    0xC5, 0xA8, 0xC6, 0xAC, 0xAE, 0xAE, 0xB1, 0xAA, 0xAA, 0xAA, 0x89, 0xAB, 0xAD, 0xB0, 0xB4, 0xB4, 0xB4, 0xD4, 0xD4,
    0xB4, 0xAD, 0x89, 0xAD, 0x8A, 0x8C, 0xB9, 0xB2, 0xB6, 0xB6, 0xBB, 0xBB, 0xBC, 0xBC, 0xFF, 0xFF, 0xFF, 0xFF, 0xFF,
    0xFF, 0xFF, 0xFF, 0xFF, 0xFF, 0xFF, 0xFF, 0xFF, 0xFF, 0xFF, 0xFF, 0xFF, 0xFF, 0xFF, 0xFF, 0xFF, 0xFF, 0xFF, 0xFF,
    0xFF, 0xFF, 0xFF, 0xFF, 0xFF, 0xFF, 0xFF, 0xFF, 0xFF, 0xFF, 0xFF, 0xFF, 0xFF, 0xFF, 0xFF, 0xFF, 0xFF, 0xFF, 0xFF,
    0xFF, 0xFF, 0xFF, 0xFF, 0xFF, 0xFF, 0xFF, 0xFF, 0xFF, 0xFF, 0xFF, 0xFF, 0xFF, 0xFF, 0xFF, 0xFF, 0xFF, 0xFF, 0xFF,
    0xFF, 0xFF, 0xFF, 0xFF, 0xFF, 0xFF, 0xFF, 0xFF, 0xFF, 0xFF, 0xFF, 0xFF, 0xFF, 0xFF, 0xFF, 0xFF, 0xFF, 0xFF, 0xFF,
    0xFF, 0x66, 0x66, 0x64, 0x5F, 0x5F, 0x63, 0x63, 0x60, 0x32, 0x2D, 0x31, 0x42, 0x5C, 0x46, 0x4B, 0x4B, 0x4D, 0x4D,
    0x51, 0x40, 0x3E, 0x3F, 0x3C, 0x3F, 0x49, 0x3C, 0x05, 0xF6, 0xE3, 0xBF, 0xC3, 0xC9, 0xC4, 0xC5, 0xA8, 0xA9, 0xAC,
    0xAE, 0xB1, 0x88, 0xAA, 0x89, 0xAB, 0xAD, 0xB0, 0xB0, 0x87, 0xB4, 0xB4, 0xB7, 0xB7, 0xB4, 0xB4, 0xB4, 0xB0, 0xAB,
    0x89, 0xB0, 0x8C, 0x82, 0xB9, 0xB6, 0xB6, 0xF8, 0xBB, 0xBC, 0xBC, 0xFD, 0xFF, 0xFF, 0xFF, 0xFF, 0xFF, 0xFF, 0xFF,
    0xFF, 0xFF, 0xFF, 0xFF, 0xFF, 0xFF, 0xFF, 0xFF, 0xFF, 0xFF, 0xFF, 0xFF, 0xFF, 0xFF, 0xFF, 0xFF, 0xFF, 0xFF, 0xFF,
    0xFF, 0xFF, 0xFF, 0xFF, 0xFF, 0xFF, 0xFF, 0xFF, 0xFF, 0xFF, 0xFF, 0xFF, 0xFF, 0xFF, 0xFF, 0xFF, 0xFF, 0xFF, 0xFF,
    0xFF, 0xFF, 0xFF, 0xFF, 0xFF, 0xFF, 0xFF, 0xFF, 0xFF, 0xFF, 0xFF, 0xFF, 0xFF, 0xFF, 0xFF, 0xFF, 0xFF, 0xFF, 0xFF,
    0xFF, 0xFF, 0xFF, 0xFF, 0xFF, 0xFF, 0xFF, 0xFF, 0xFF, 0xFF, 0xFF, 0xFF, 0xFF, 0xFF, 0xFF, 0xFF, 0xFF, 0xFF, 0x66,
    0x66, 0x64, 0x5F, 0x59, 0x63, 0x32, 0x39, 0x65, 0x33, 0x44, 0x4E, 0x5C, 0x4A, 0x35, 0x34, 0x4D, 0x3F, 0x3F, 0x3F,
    0x3E, 0x3F, 0x3C, 0x3C, 0x3D, 0x05, 0xD6, 0xBF, 0xC2, 0xC9, 0xC4, 0xC5, 0xCF, 0xA9, 0xAC, 0xB1, 0x88, 0xAA, 0xAB,
    0xAB, 0xAD, 0xB0, 0xB7, 0xB4, 0xB7, 0xB7, 0xB7, 0xB7, 0xB7, 0xB8, 0xAF, 0xB4, 0xB4, 0xB0, 0xAB, 0x89, 0x8A, 0xB4,
    0x82, 0xB9, 0xB2, 0xB6, 0xB6, 0xFC, 0xBC, 0xBC, 0xFF, 0xFF, 0xFF, 0xFF, 0xFF, 0xFF, 0xFF, 0xFF, 0xFF, 0xFF, 0xFF,
    0xFF, 0xFF, 0xFF, 0xFF, 0xFF, 0xFF, 0xFF, 0xFF, 0xFF, 0xFF, 0xFF, 0xFF, 0xFF, 0xFF, 0xFF, 0xFF, 0xFF, 0xFF, 0xFF,
    0xFF, 0xFF, 0xFF, 0xFF, 0xFF, 0xFF, 0xFF, 0xFF, 0xFF, 0xFF, 0xFF, 0xFF, 0xFF, 0xFF, 0xFF, 0xFF, 0xFF, 0xFF, 0xFF,
    0xFF, 0xFF, 0xFF, 0xFF, 0xFF, 0xFF, 0xFF, 0xFF, 0xFF, 0xFF, 0xFF, 0xFF, 0xFF, 0xFF, 0xFF, 0xFF, 0xFF, 0xFF, 0xFF,
    0xFF, 0xFF, 0xFF, 0xFF, 0xFF, 0xFF, 0xFF, 0xFF, 0xFF, 0xFF, 0xFF, 0xFF, 0xFF, 0xFF, 0xFF, 0xFF, 0x01, 0x66, 0x64,
    0x5F, 0x59, 0x63, 0x63, 0x39, 0x39, 0x31, 0x42, 0x5C, 0x46, 0x4A, 0x4A, 0x4D, 0x51, 0x3E, 0x40, 0x3E, 0x3E, 0x43,
    0x43, 0x3D, 0x2B, 0xEB, 0xC3, 0xC3, 0xC4, 0xCF, 0xA8, 0xC6, 0xAC, 0xB1, 0xAA, 0xAB, 0x8A, 0xAD, 0xB0, 0xB0, 0xB0,
    0xB7, 0xAF, 0xAF, 0x8C, 0xB4, 0xB7, 0xB4, 0xB4, 0xB4, 0xB4, 0xB0, 0x8A, 0x8A, 0x8A, 0xB0, 0xA0, 0xA4, 0xA4, 0x02,
    0x77, 0xB2, 0xB6, 0x79, 0x01, 0x01, 0xFF, 0xFF, 0xFF, 0xFF, 0xFF, 0xFF, 0xFF, 0xFF, 0xFF, 0xFF, 0xFF, 0xFF, 0xFF,
    0xFF, 0xFF, 0xFF, 0xFF, 0xFF, 0xFF, 0xFF, 0xFF, 0xFF, 0xFF, 0xFF, 0xFF, 0xFF, 0xFF, 0xFF, 0xFF, 0xFF, 0xFF, 0xFF,
    0xFF, 0xFF, 0xFF, 0xFF, 0xFF, 0xFF, 0xFF, 0xFF, 0xFF, 0xFF, 0xFF, 0xFF, 0xFF, 0xFF, 0xFF, 0xFF, 0xFF, 0xFF, 0xFF,
    0xFF, 0xFF, 0xFF, 0xFF, 0xFF, 0xFF, 0xFF, 0xFF, 0xFF, 0xFF, 0xFF, 0xFF, 0xFF, 0xFF, 0xFF, 0xFF, 0xFF, 0xFF, 0xFF,
    0xFF, 0xFF, 0xFF, 0xFF, 0xFF, 0xFF, 0xFF, 0xFF, 0xFF, 0xFF, 0xFF, 0xFF, 0xFF, 0xFF, 0x01, 0x66, 0x64, 0x64, 0x5F,
    0x63, 0x2C, 0x32, 0x39, 0x31, 0x31, 0x30, 0x46, 0x4A, 0x4B, 0x34, 0x4D, 0x3E, 0x3F, 0x3D, 0x3C, 0x3C, 0x3F, 0x47,
    0xC2, 0xC3, 0xA6, 0xC5, 0xA8, 0xC6, 0xAE, 0xB1, 0xAA, 0x8A, 0xAD, 0x87, 0xB0, 0x87, 0x87, 0xAF, 0xB3, 0xBA, 0xB3,
    0xB7, 0xAF, 0xB7, 0xB4, 0x8B, 0x8A, 0xB0, 0xB0, 0xB0, 0xB0, 0xB0, 0x81, 0x31, 0x73, 0x5A, 0x68, 0x60, 0x2C, 0x02,
    0x77, 0x78, 0x79, 0x01, 0x01, 0xFF, 0xFF, 0xFF, 0xFF, 0xFF, 0xFF, 0xFF, 0xFF, 0xFF, 0xFF, 0xFF, 0xFF, 0xFF, 0xFF,
    0xFF, 0xFF, 0xFF, 0xFF, 0xFF, 0xFF, 0xFF, 0xFF, 0xFF, 0xFF, 0xFF, 0xFF, 0xFF, 0xFF, 0xFF, 0xFF, 0xFF, 0xFF, 0xFF,
    0xFF, 0xFF, 0xFF, 0xFF, 0xFF, 0xFF, 0xFF, 0xFF, 0xFF, 0xFF, 0xFF, 0xFF, 0xFF, 0xFF, 0xFF, 0xFF, 0xFF, 0xFF, 0xFF,
    0xFF, 0xFF, 0xFF, 0xFF, 0xFF, 0xFF, 0xFF, 0xFF, 0xFF, 0xFF, 0xFF, 0xFF, 0xFF, 0xFF, 0xFF, 0xFF, 0xFF, 0xFF, 0xFF,
    0xFF, 0xFF, 0xFF, 0xFF, 0xFF, 0xFF, 0xFF, 0xFF, 0xFF, 0xFF, 0xFF, 0xFF, 0x01, 0x66, 0x66, 0x64, 0x64, 0x5F, 0x59,
    0x32, 0x32, 0x61, 0x31, 0x42, 0x42, 0x5C, 0x4C, 0x4D, 0x52, 0x4D, 0x40, 0x3E, 0x3E, 0x3D, 0x27, 0xC3, 0xC9, 0xC4,
    0xCF, 0xD0, 0xAC, 0xB1, 0xAB, 0xAD, 0xB0, 0x87, 0x87, 0x8C, 0xB7, 0xB8, 0xBA, 0xBA, 0xB3, 0xBA, 0xBA, 0xAF, 0x8C,
    0x8C, 0xB4, 0xB4, 0xB0, 0x87, 0x87, 0x80, 0x81, 0x31, 0x4E, 0x5B, 0x5C, 0x5C, 0x31, 0x5A, 0x06, 0x60, 0x63, 0x59,
    0x5F, 0x64, 0x64, 0x66, 0x01, 0x01, 0xFF, 0xFF, 0xFF, 0xFF, 0xFF, 0xFF, 0xFF, 0xFF, 0xFF, 0xFF, 0xFF, 0xFF, 0xFF,
    0xFF, 0xFF, 0xFF, 0xFF, 0xFF, 0xFF, 0xFF, 0xFF, 0xFF, 0xFF, 0xFF, 0xFF, 0xFF, 0xFF, 0xFF, 0xFF, 0xFF, 0xFF, 0xFF,
    0xFF, 0xFF, 0xFF, 0xFF, 0xFF, 0xFF, 0xFF, 0xFF, 0xFF, 0xFF, 0xFF, 0xFF, 0xFF, 0xFF, 0xFF, 0xFF, 0xFF, 0xFF, 0xFF,
    0xFF, 0xFF, 0xFF, 0xFF, 0xFF, 0xFF, 0xFF, 0xFF, 0xFF, 0xFF, 0xFF, 0xFF, 0xFF, 0xFF, 0xFF, 0xFF, 0xFF, 0xFF, 0xFF,
    0xFF, 0xFF, 0xFF, 0xFF, 0xFF, 0xFF, 0xFF, 0xFF, 0xFF, 0xFF, 0x01, 0x01, 0x66, 0x79, 0x64, 0x5F, 0x5F, 0x63, 0x32,
    0x39, 0x33, 0x31, 0x42, 0x46, 0x46, 0x4A, 0x34, 0x4D, 0x51, 0x3E, 0x3F, 0x29, 0xC9, 0xC4, 0xCF, 0xA9, 0xAC, 0xAA,
    0xAB, 0x8A, 0xB0, 0x87, 0x8C, 0xAF, 0xB3, 0xB5, 0xB5, 0xBA, 0xB5, 0xBA, 0xB3, 0xB5, 0xB3, 0x8C, 0x87, 0x81, 0x87,
    0x87, 0xB7, 0xB7, 0xB3, 0x2D, 0x46, 0x4D, 0x4A, 0x35, 0x2F, 0x5B, 0x5C, 0x5C, 0x44, 0x38, 0x39, 0x5E, 0x2C, 0x63,
    0x5F, 0x64, 0x64, 0x64, 0x66, 0x66, 0x01, 0x01, 0xFF, 0xFF, 0xFF, 0xFF, 0xFF, 0xFF, 0xFF, 0xFF, 0xFF, 0xFF, 0xFF,
    0xFF, 0xFF, 0xFF, 0xFF, 0xFF, 0xFF, 0xFF, 0xFF, 0xFF, 0xFF, 0xFF, 0xFF, 0xFF, 0xFF, 0xFF, 0xFF, 0xFF, 0xFF, 0xFF,
    0xFF, 0xFF, 0xFF, 0xFF, 0xFF, 0xFF, 0xFF, 0xFF, 0xFF, 0xFF, 0xFF, 0xFF, 0xFF, 0xFF, 0xFF, 0xFF, 0xFF, 0xFF, 0xFF,
    0xFF, 0xFF, 0xFF, 0xFF, 0xFF, 0xFF, 0xFF, 0xFF, 0xFF, 0xFF, 0xFF, 0xFF, 0xFF, 0xFF, 0xFF, 0xFF, 0xFF, 0xFF, 0xFF,
    0xFF, 0xFF, 0xFF, 0xFF, 0xFF, 0xFF, 0xFF, 0xFF, 0x01, 0x01, 0x01, 0x66, 0x64, 0x64, 0x5F, 0x63, 0x63, 0x5E, 0x39,
    0x33, 0x44, 0x44, 0x5C, 0x2F, 0x46, 0x4B, 0x4A, 0x34, 0x70, 0xC4, 0xC5, 0xA8, 0xAC, 0xAA, 0x89, 0xAD, 0xB0, 0x8B,
    0xAF, 0xB3, 0xB5, 0xB5, 0xB9, 0xB5, 0xB5, 0xB5, 0xA4, 0xA4, 0xAF, 0xA0, 0xA0, 0xA0, 0x7B, 0xB3, 0xA4, 0xB9, 0xB9,
    0x2C, 0x31, 0x4F, 0x42, 0x4E, 0x4E, 0x44, 0x4E, 0x5D, 0x44, 0x31, 0x38, 0x65, 0x39, 0x32, 0x32, 0x2C, 0x63, 0x59,
    0x5F, 0x5F, 0x64, 0x79, 0x66, 0x01, 0x01, 0x01, 0x01, 0xFF, 0xFF, 0xFF, 0xFF, 0xFF, 0xFF, 0xFF, 0xFF, 0xFF, 0xFF,
    0xFF, 0xFF, 0xFF, 0xFF, 0xFF, 0xFF, 0xFF, 0xFF, 0xFF, 0xFF, 0xFF, 0xFF, 0xFF, 0xFF, 0xFF, 0xFF, 0xFF, 0xFF, 0xFF,
    0xFF, 0xFF, 0xFF, 0xFF, 0xFF, 0xFF, 0xFF, 0xFF, 0xFF, 0xFF, 0xFF, 0xFF, 0xFF, 0xFF, 0xFF, 0xFF, 0xFF, 0xFF, 0xFF,
    0xFF, 0xFF, 0xFF, 0xFF, 0xFF, 0xFF, 0xFF, 0xFF, 0xFF, 0xFF, 0xFF, 0xFF, 0xFF, 0xFF, 0xFF, 0xFF, 0xFF, 0xFF, 0xFF,
    0xFF, 0xFF, 0xFF, 0xFF, 0xFF, 0xFF, 0xFF, 0x01, 0x01, 0x01, 0x66, 0x64, 0x08, 0x5F, 0x63, 0x63, 0x60, 0x68, 0x33,
    0x31, 0x5D, 0x31, 0x44, 0x42, 0x5C, 0x6F, 0xC5, 0xCF, 0xA9, 0xB1, 0xAB, 0xB0, 0xB4, 0xAF, 0xB8, 0xB3, 0xB5, 0xB5,
    0x82, 0x82, 0xA4, 0xA4, 0xA4, 0xA4, 0xA4, 0x82, 0x82, 0xB2, 0xB2, 0xB2, 0xB6, 0xB2, 0xB2, 0xB2, 0x77, 0x02, 0x63,
    0x63, 0x63, 0x59, 0x59, 0x59, 0x59, 0x63, 0x59, 0x5F, 0x5F, 0x5F, 0x5F, 0x5F, 0x5F, 0x5F, 0x5F, 0x5F, 0x64, 0x64,
    0x66, 0x66, 0x66, 0x01, 0x01, 0x01, 0xFF, 0xFF, 0xFF, 0xFF, 0xFF, 0xFF, 0xFF, 0xFF, 0xFF, 0xFF, 0xFF, 0xFF, 0xFF,
    0xFF, 0xFF, 0xFF, 0xFF, 0xFF, 0xFF, 0xFF, 0xFF, 0xFF, 0xFF, 0xFF, 0xFF, 0xFF, 0xFF, 0xFF, 0xFF, 0xFF, 0xFF, 0xFF,
    0xFF, 0xFF, 0xFF, 0xFF, 0xFF, 0xFF, 0xFF, 0xFF, 0xFF, 0xFF, 0xFF, 0xFF, 0xFF, 0xFF, 0xFF, 0xFF, 0xFF, 0xFF, 0xFF,
    0xFF, 0xFF, 0xFF, 0xFF, 0xFF, 0xFF, 0xFF, 0xFF, 0xFF, 0xFF, 0xFF, 0xFF, 0xFF, 0xFF, 0xFF, 0xFF, 0xFF, 0xFF, 0xFF,
    0xFF, 0xFF, 0xFF, 0xFF, 0xFF, 0x01, 0x01, 0x01, 0x66, 0x66, 0x64, 0x64, 0x5F, 0x63, 0x2C, 0x5E, 0x68, 0x68, 0x38,
    0x5A, 0x5A, 0x33, 0x03, 0xCF, 0xD0, 0xB1, 0xAB, 0x8B, 0xAF, 0xB8, 0xBA, 0xA4, 0xA4, 0xA4, 0xA4, 0xA4, 0x82, 0x82,
    0xB2, 0xB2, 0xB6, 0x79, 0xBB, 0xF8, 0xB6, 0xB6, 0xB6, 0xB6, 0xB6, 0xB6, 0xB2, 0xB6, 0xB6, 0xB6, 0xB6, 0xB6, 0xB6,
    0xB6, 0xB6, 0x79, 0x01, 0x66, 0x66, 0x66, 0x01, 0x66, 0x66, 0x66, 0x66, 0x66, 0x64, 0x64, 0x64, 0x66, 0x66, 0x66,
    0x01, 0x01, 0x01, 0x01, 0xFF, 0xFF, 0xFF, 0xFF, 0xFF, 0xFF, 0xFF, 0xFF, 0xFF, 0xFF, 0xFF, 0xFF, 0xFF, 0xFF, 0xFF,
    0xFF, 0xFF, 0xFF, 0xFF, 0xFF, 0xFF, 0xFF, 0xFF, 0xFF, 0xFF, 0xFF, 0xFF, 0xFF, 0xFF, 0xFF, 0xFF, 0xFF, 0xFF, 0xFF,
    0xFF, 0xFF, 0xFF, 0xFF, 0xFF, 0xFF, 0xFF, 0xFF, 0xFF, 0xFF, 0xFF, 0xFF, 0xFF, 0xFF, 0xFF, 0xFF, 0xFF, 0xFF, 0xFF,
    0xFF, 0xFF, 0xFF, 0xFF, 0xFF, 0xFF, 0xFF, 0xFF, 0xFF, 0xFF, 0xFF, 0xFF, 0xFF, 0xFF, 0xFF, 0xFF, 0xFF, 0xFF, 0xFF,
    0xFF, 0xFF, 0xFF, 0xFF, 0xFF, 0x01, 0x01, 0x66, 0x66, 0x66, 0x64, 0x5F, 0x2C, 0x2C, 0x2C, 0x5E, 0x39, 0x5E, 0x5E,
    0x73, 0xA7, 0xAA, 0xB0, 0xAF, 0xB3, 0xB5, 0xA4, 0xA4, 0x82, 0x77, 0x77, 0x78, 0xB6, 0x79, 0xBB, 0xBB, 0x01, 0xFC,
    0x01, 0xBB, 0xBB, 0xBB, 0xBB, 0xF8, 0xF8, 0xB6, 0xB6, 0xB6, 0xB6, 0xB6, 0xB6, 0xB6, 0xB6, 0xF8, 0xF8, 0xBB, 0xFC,
    0x01, 0xFC, 0x01, 0x01, 0x01, 0x01, 0x01, 0x01, 0x01, 0x01, 0x01, 0x01, 0x66, 0x66, 0x01, 0x01, 0x01, 0x01, 0x01,
    0xFF, 0xFF, 0xFF, 0xFF, 0xFF, 0xFF, 0xFF, 0xFF, 0xFF, 0xFF, 0xFF, 0xFF, 0xFF, 0xFF, 0xFF, 0xFF, 0xFF, 0xFF, 0xFF,
    0xFF, 0xFF, 0xFF, 0xFF, 0xFF, 0xFF, 0xFF, 0xFF, 0xFF, 0xFF, 0xFF, 0xFF, 0xFF, 0xFF, 0xFF, 0xFF, 0xFF, 0xFF, 0xFF,
    0xFF, 0xFF, 0xFF, 0xFF, 0xFF, 0xFF, 0xFF, 0xFF, 0xFF, 0xFF, 0xFF, 0xFF, 0xFF, 0xFF, 0xFF, 0xFF, 0xFF, 0xFF, 0xFF,
    0xFF, 0xFF, 0xFF, 0xFF, 0xFF, 0xFF, 0xFF, 0xFF, 0xFF, 0xFF, 0xFF, 0xFF, 0xFF, 0xFF, 0xFF, 0xFF, 0xFF, 0xFF, 0xFF,
    0xFF, 0xFF, 0xFF, 0xFF, 0xFF, 0x01, 0x01, 0x66, 0x64, 0x64, 0x5F, 0x5F, 0x59, 0x2C, 0x2C, 0x2C, 0x68, 0x80, 0x7B,
    0x2C, 0x82, 0xB2, 0xB2, 0xB2, 0x78, 0x08, 0x59, 0x5F, 0x64, 0x64, 0x66, 0x79, 0xFC, 0x01, 0x01, 0x01, 0x01, 0x01,
    0x01, 0xFC, 0xBB, 0xBB, 0xF8, 0xBB, 0xB6, 0xB6, 0xF8, 0xB6, 0xB6, 0xB6, 0xBB, 0xBB, 0xBB, 0xFC, 0xFC, 0xBC, 0x01,
    0xFF, 0xFF, 0xFF, 0xFF, 0xFF, 0x01, 0x01, 0x01, 0x01, 0x01, 0x01, 0x01, 0x01, 0x01, 0x01, 0x01, 0x01, 0x01, 0x01,
    0xFF, 0xFF, 0xFF, 0xFF, 0xFF, 0xFF, 0xFF, 0xFF, 0xFF, 0xFF, 0xFF, 0xFF, 0xFF, 0xFF, 0xFF, 0xFF, 0xFF, 0xFF, 0xFF,
    0xFF, 0xFF, 0xFF, 0xFF, 0xFF, 0xFF, 0xFF, 0xFF, 0xFF, 0xFF, 0xFF, 0xFF, 0xFF, 0xFF, 0xFF, 0xFF, 0xFF, 0xFF, 0xFF,
    0xFF, 0xFF, 0xFF, 0xFF, 0xFF, 0xFF, 0xFF, 0xFF, 0xFF, 0xFF, 0xFF, 0xFF, 0xFF, 0xFF, 0xFF, 0xFF, 0xFF, 0xFF, 0xFF,
    0xFF, 0xFF, 0xFF, 0xFF, 0xFF, 0xFF, 0xFF, 0xFF, 0xFF, 0xFF, 0xFF, 0xFF, 0xFF, 0xFF, 0xFF, 0xFF, 0xFF, 0xFF, 0xFF,
    0xFF, 0xFF, 0xFF, 0x01, 0x01, 0x66, 0x66, 0x79, 0x64, 0x08, 0x5F, 0x5F, 0x59, 0x59, 0x63, 0x59, 0x5F, 0x59, 0x08,
    0x78, 0x08, 0x5F, 0x5F, 0x5F, 0x5F, 0x64, 0x64, 0x64, 0x79, 0x66, 0x01, 0x01, 0x01, 0x01, 0xFF, 0xFF, 0x01, 0xFC,
    0x01, 0xFC, 0xBB, 0xFC, 0xF8, 0xBB, 0xBB, 0xBB, 0xBB, 0xBB, 0xBB, 0xFC, 0xBC, 0xBC, 0xFD, 0xFF, 0xFF, 0xFF, 0xFF,
    0xFF, 0xFF, 0xFF, 0xFF, 0x01, 0x01, 0x01, 0x01, 0x01, 0x01, 0x01, 0x01, 0x01, 0x01, 0x01, 0x01, 0x01, 0x01, 0xFF,
    0xFF, 0xFF, 0xFF, 0xFF, 0xFF, 0xFF, 0xFF, 0xFF, 0xFF, 0xFF, 0xFF, 0xFF, 0xFF, 0xFF, 0xFF, 0xFF, 0xFF, 0xFF, 0xFF,
    0xFF, 0xFF, 0xFF, 0xFF, 0xFF, 0xFF, 0xFF, 0xFF, 0xFF, 0xFF, 0xFF, 0xFF, 0xFF, 0xFF, 0xFF, 0xFF, 0xFF, 0xFF, 0xFF,
    0xFF, 0xFF, 0xFF, 0xFF, 0xFF, 0xFF, 0xFF, 0xFF, 0xFF, 0xFF, 0xFF, 0xFF, 0xFF, 0xFF, 0xFF, 0xFF, 0xFF, 0xFF, 0xFF,
    0xFF, 0xFF, 0xFF, 0xFF, 0xFF, 0xFF, 0xFF, 0xFF, 0xFF, 0xFF, 0xFF, 0xFF, 0xFF, 0xFF, 0xFF, 0xFF, 0xFF, 0xFF, 0xFF,
    0xFF, 0xFF, 0x01, 0x01, 0x01, 0x66, 0x79, 0x79, 0x64, 0x78, 0x5F, 0x5F, 0x5F, 0x59, 0x5F, 0x5F, 0x5F, 0x5F, 0x5F,
    0x5F, 0x5F, 0x08, 0x5F, 0x64, 0x64, 0x64, 0x66, 0x66, 0x66, 0x01, 0x01, 0x01, 0xFF, 0x01, 0x01, 0x01, 0x01, 0x01,
    0x01, 0xFC, 0xFC, 0xFC, 0xBB, 0xFC, 0x01, 0x01, 0xBC, 0xBC, 0xBC, 0xFF, 0xFF, 0xFF, 0xFF, 0xFF, 0xFF, 0xFF, 0xFF,
    0xFF, 0xFF, 0x01, 0x01, 0x01, 0x01, 0x01, 0x01, 0x01, 0x01, 0x01, 0x01, 0x01, 0x01, 0x01, 0x01, 0x01, 0xFF, 0xFF,
    0xFF, 0xFF, 0xFF, 0xFF, 0xFF, 0xFF, 0xFF, 0xFF, 0xFF, 0xFF, 0xFF, 0xFF, 0xFF, 0xFF, 0xFF, 0xFF, 0xFF, 0xFF, 0xFF,
    0xFF, 0xFF, 0xFF, 0xFF, 0xFF, 0xFF, 0xFF, 0xFF, 0xFF, 0xFF, 0xFF, 0xFF, 0xFF, 0xFF, 0xFF, 0xFF, 0xFF, 0xFF, 0xFF,
    0xFF, 0xFF, 0xFF, 0xFF, 0xFF, 0xFF, 0xFF, 0xFF, 0xFF, 0xFF, 0xFF, 0xFF, 0xFF, 0xFF, 0xFF, 0xFF, 0xFF, 0xFF, 0xFF,
    0xFF, 0xFF, 0xFF, 0xFF, 0xFF, 0xFF, 0xFF, 0xFF, 0xFF, 0xFF, 0xFF, 0xFF, 0xFF, 0xFF, 0xFF, 0xFF, 0xFF, 0xFF, 0xFF,
    0xFF, 0xFF, 0x01, 0x01, 0x66, 0x66, 0x66, 0x64, 0x64, 0x64, 0x5F, 0x64, 0x5F, 0x08, 0x64, 0x08, 0x64, 0x08, 0x64,
    0x08, 0x5F, 0x5F, 0x64, 0x64, 0x64, 0x66, 0x66, 0x66, 0x01, 0x01, 0x01, 0x01, 0x01, 0x01, 0x01, 0x01, 0x01, 0x01,
    0x01, 0x01, 0x01, 0x01, 0x01, 0x01, 0x01, 0x01, 0x01, 0x01, 0x01, 0x01, 0xFF, 0xFF, 0x01, 0xFF, 0x01, 0x01, 0x01,
    0x01, 0x01, 0x01, 0x66, 0x66, 0x66, 0x66, 0x01, 0x66, 0x66, 0x66, 0x01, 0x01, 0x01, 0x01, 0x01, 0x01, 0x01, 0x01,
    0xFF, 0xFF, 0xFF, 0xFF, 0xFF, 0xFF, 0xFF, 0xFF, 0xFF, 0xFF, 0xFF, 0xFF, 0xFF, 0xFF, 0xFF, 0xFF, 0xFF, 0xFF, 0xFF,
    0xFF, 0xFF, 0xFF, 0xFF, 0xFF, 0xFF, 0xFF, 0xFF, 0xFF, 0xFF, 0xFF, 0xFF, 0xFF, 0xFF, 0xFF, 0xFF, 0xFF, 0xFF, 0xFF,
    0xFF, 0xFF, 0xFF, 0xFF, 0xFF, 0xFF, 0xFF, 0xFF, 0xFF, 0xFF, 0xFF, 0xFF, 0xFF, 0xFF, 0xFF, 0xFF, 0xFF, 0xFF, 0xFF,
    0xFF, 0xFF, 0xFF, 0xFF, 0xFF, 0xFF, 0xFF, 0xFF, 0xFF, 0xFF, 0xFF, 0xFF, 0xFF, 0xFF, 0xFF, 0xFF, 0xFF, 0xFF, 0xFF,
    0x01, 0xFF, 0x01, 0x01, 0x01, 0x66, 0x64, 0x64, 0x64, 0x64, 0x64, 0x64, 0x64, 0x08, 0x64, 0x5F, 0x5F, 0x5F, 0x5F,
    0x5F, 0x5F, 0x5F, 0x64, 0x64, 0x64, 0x79, 0x79, 0x66, 0x66, 0x66, 0x66, 0x66, 0x66, 0x66, 0x66, 0x66, 0x66, 0x66,
    0x66, 0x66, 0x66, 0x66, 0x66, 0x66, 0x66, 0x01, 0x66, 0x01, 0x01, 0x01, 0x66, 0x66, 0x01, 0x66, 0x66, 0x66, 0x79,
    0x64, 0x64, 0x64, 0x64, 0x64, 0x66, 0x66, 0x66, 0x66, 0x79, 0x66, 0x66, 0x66, 0x66, 0x66, 0x01, 0x01, 0x01, 0x01,
    0x01, 0x01, 0xFF, 0xFF, 0xFF, 0xFF, 0xFF, 0xFF, 0xFF, 0xFF, 0xFF, 0xFF, 0xFF, 0xFF, 0xFF, 0xFF, 0xFF, 0xFF, 0xFF,
    0xFF, 0xFF, 0xFF, 0xFF, 0xFF, 0xFF, 0xFF, 0xFF, 0xFF, 0xFF, 0xFF, 0xFF, 0xFF, 0xFF, 0xFF, 0xFF, 0xFF, 0xFF, 0xFF,
    0xFF, 0xFF, 0xFF, 0xFF, 0xFF, 0xFF, 0xFF, 0xFF, 0xFF, 0xFF, 0xFF, 0xFF, 0xFF, 0xFF, 0xFF, 0xFF, 0xFF, 0xFF, 0xFF,
    0xFF, 0xFF, 0xFF, 0xFF, 0xFF, 0xFF, 0xFF, 0xFF, 0xFF, 0xFF, 0xFF, 0xFF, 0xFF, 0xFF, 0xFF, 0xFF, 0xFF, 0xFF, 0xFF,
    0xFF, 0x01, 0x01, 0x01, 0x66, 0x79, 0x66, 0x64, 0x64, 0x08, 0x5F, 0x5F, 0x5F, 0x5F, 0x59, 0x63, 0x63, 0x63, 0x63,
    0x63, 0x63, 0x2C, 0x63, 0x63, 0x63, 0x59, 0x63, 0x59, 0x59, 0x59, 0x63, 0x59, 0x59, 0x5F, 0x59, 0x59, 0x63, 0x63,
    0x63, 0x59, 0x63, 0x63, 0x63, 0x63, 0x63, 0x63, 0x63, 0x63, 0x59, 0x59, 0x59, 0x63, 0x63, 0x63, 0x63, 0x2C, 0x63,
    0x63, 0x63, 0x63, 0x63, 0x63, 0x63, 0x63, 0x59, 0x5F, 0x5F, 0x5F, 0x5F, 0x5F, 0x5F, 0x64, 0x64, 0x64, 0x64, 0x66,
    0x66, 0x66, 0x66, 0x66, 0x01, 0x01, 0x01, 0x01, 0x01, 0xFF, 0xFF, 0xFF, 0xFF, 0xFF, 0xFF, 0xFF, 0xFF, 0xFF, 0xFF,
    0xFF, 0xFF, 0xFF, 0xFF, 0xFF, 0xFF, 0xFF, 0xFF, 0xFF, 0xFF, 0xFF, 0xFF, 0xFF, 0xFF, 0xFF, 0xFF, 0xFF, 0xFF, 0xFF,
    0xFF, 0xFF, 0xFF, 0xFF, 0xFF, 0xFF, 0xFF, 0xFF, 0xFF, 0xFF, 0xFF, 0xFF, 0xFF, 0xFF, 0xFF, 0xFF, 0xFF, 0xFF, 0xFF,
    0xFF, 0xFF, 0xFF, 0xFF, 0xFF, 0xFF, 0xFF, 0xFF, 0xFF, 0xFF, 0xFF, 0xFF, 0xFF, 0xFF, 0xFF, 0xFF, 0xFF, 0xFF, 0xFF,
    0x01, 0x01, 0x01, 0x66, 0x66, 0x66, 0x64, 0x64, 0x08, 0x5F, 0x5F, 0x5F, 0x63, 0x2C, 0x63, 0x32, 0x39, 0x39, 0x39,
    0x61, 0x33, 0x65, 0x38, 0x33, 0x33, 0x31, 0x2D, 0x31, 0x31, 0x2D, 0x31, 0x42, 0x31, 0x31, 0x4F, 0x42, 0x44, 0x4F,
    0x4F, 0x42, 0x42, 0x44, 0x44, 0x44, 0x42, 0x44, 0x42, 0x44, 0x31, 0x44, 0x4F, 0x31, 0x31, 0x2D, 0x2D, 0x33, 0x2D,
    0x2D, 0x2D, 0x2D, 0x33, 0x38, 0x65, 0x38, 0x39, 0x39, 0x32, 0x32, 0x32, 0x63, 0x2C, 0x63, 0x59, 0x5F, 0x59, 0x5F,
    0x64, 0x5F, 0x64, 0x64, 0x79, 0x66, 0x66, 0x66, 0x66, 0x01, 0x01, 0x01, 0x01, 0xFF, 0xFF, 0xFF, 0xFF, 0xFF, 0xFF,
    0xFF, 0xFF, 0xFF, 0xFF, 0xFF, 0xFF, 0xFF, 0xFF, 0xFF, 0xFF, 0xFF, 0xFF, 0xFF, 0xFF, 0xFF, 0xFF, 0xFF, 0xFF, 0xFF,
    0xFF, 0xFF, 0xFF, 0xFF, 0xFF, 0xFF, 0xFF, 0xFF, 0xFF, 0xFF, 0xFF, 0xFF, 0xFF, 0xFF, 0xFF, 0xFF, 0xFF, 0xFF, 0xFF,
    0xFF, 0xFF, 0xFF, 0xFF, 0xFF, 0xFF, 0xFF, 0xFF, 0xFF, 0xFF, 0xFF, 0xFF, 0xFF, 0xFF, 0xFF, 0xFF, 0xFF, 0xFF, 0xFF,
    0x01, 0x01, 0x01, 0x01, 0x66, 0x64, 0x64, 0x64, 0x08, 0x5F, 0x5F, 0x63, 0x63, 0x63, 0x32, 0x39, 0x39, 0x38, 0x38,
    0x33, 0x31, 0x2D, 0x31, 0x31, 0x44, 0x44, 0x44, 0x42, 0x44, 0x44, 0x46, 0x4E, 0x4E, 0x46, 0x4E, 0x46, 0x46, 0x46,
    0x4C, 0x4C, 0x36, 0x4C, 0x46, 0x46, 0x36, 0x4E, 0x46, 0x46, 0x46, 0x4E, 0x46, 0x4E, 0x46, 0x4E, 0x4E, 0x4E, 0x30,
    0x44, 0x42, 0x44, 0x44, 0x31, 0x2D, 0x31, 0x2D, 0x2D, 0x33, 0x39, 0x65, 0x39, 0x32, 0x2C, 0x63, 0x63, 0x63, 0x59,
    0x5F, 0x59, 0x5F, 0x64, 0x64, 0x64, 0x64, 0x66, 0x66, 0x66, 0x66, 0x01, 0x01, 0x01, 0x01, 0xFF, 0xFF, 0xFF, 0xFF,
    0xFF, 0xFF, 0xFF, 0xFF, 0xFF, 0xFF, 0xFF, 0xFF, 0xFF, 0xFF, 0xFF, 0xFF, 0xFF, 0xFF, 0xFF, 0xFF, 0xFF, 0xFF, 0xFF,
    0xFF, 0xFF, 0xFF, 0xFF, 0xFF, 0xFF, 0xFF, 0xFF, 0xFF, 0xFF, 0xFF, 0xFF, 0xFF, 0xFF, 0xFF, 0xFF, 0xFF, 0xFF, 0xFF,
    0xFF, 0xFF, 0xFF, 0xFF, 0xFF, 0xFF, 0xFF, 0xFF, 0xFF, 0xFF, 0xFF, 0xFF, 0xFF, 0xFF, 0xFF, 0xFF, 0xFF, 0xFF, 0x01,
    0x01, 0x01, 0x01, 0x66, 0x66, 0x66, 0x64, 0x64, 0x64, 0x5F, 0x5F, 0x63, 0x63, 0x63, 0x32, 0x32, 0x5E, 0x39, 0x38,
    0x2D, 0x33, 0x33, 0x31, 0x44, 0x4F, 0x44, 0x4E, 0x42, 0x44, 0x4E, 0x4E, 0x4E, 0x36, 0x46, 0x35, 0x4B, 0x46, 0x46,
    0x46, 0x35, 0x34, 0x35, 0x35, 0x4B, 0x36, 0x36, 0x36, 0x36, 0x52, 0x35, 0x35, 0x34, 0x4B, 0x46, 0x4C, 0x35, 0x4E,
    0x36, 0x4C, 0x46, 0x30, 0x42, 0x42, 0x42, 0x44, 0x31, 0x31, 0x33, 0x38, 0x65, 0x38, 0x39, 0x32, 0x32, 0x63, 0x63,
    0x63, 0x63, 0x5F, 0x5F, 0x5F, 0x08, 0x64, 0x64, 0x66, 0x66, 0x66, 0x01, 0x01, 0x01, 0x01, 0x01, 0xFF, 0xFF, 0xFF,
    0xFF, 0xFF, 0xFF, 0xFF, 0xFF, 0xFF, 0xFF, 0xFF, 0xFF, 0xFF, 0xFF, 0xFF, 0xFF, 0xFF, 0xFF, 0xFF, 0xFF, 0xFF, 0xFF,
    0xFF, 0xFF, 0xFF, 0xFF, 0xFF, 0xFF, 0xFF, 0xFF, 0xFF, 0xFF, 0xFF, 0xFF, 0xFF, 0xFF, 0xFF, 0xFF, 0xFF, 0xFF, 0xFF,
    0xFF, 0xFF, 0xFF, 0xFF, 0xFF, 0xFF, 0xFF, 0xFF, 0xFF, 0xFF, 0xFF, 0xFF, 0xFF, 0xFF, 0xFF, 0xFF, 0xFF, 0xFF, 0x01,
    0x01, 0x01, 0x01, 0x66, 0x66, 0x66, 0x79, 0x64, 0x5F, 0x64, 0x5F, 0x59, 0x63, 0x63, 0x2C, 0x32, 0x39, 0x39, 0x39,
    0x65, 0x2D, 0x2D, 0x31, 0x4F, 0x42, 0x42, 0x44, 0x4E, 0x46, 0x42, 0x4E, 0x4E, 0x46, 0x35, 0x46, 0x46, 0x4C, 0x35,
    0x36, 0x36, 0x36, 0x36, 0x34, 0x52, 0x35, 0x35, 0x4D, 0x35, 0x35, 0x34, 0x4A, 0x35, 0x35, 0x36, 0x35, 0x36, 0x46,
    0x46, 0x46, 0x46, 0x46, 0x30, 0x30, 0x44, 0x44, 0x31, 0x44, 0x31, 0x31, 0x38, 0x39, 0x39, 0x32, 0x32, 0x2C, 0x2C,
    0x63, 0x59, 0x59, 0x5F, 0x5F, 0x64, 0x64, 0x64, 0x64, 0x66, 0x66, 0x01, 0x01, 0x01, 0x01, 0x01, 0xFF, 0xFF, 0xFF,
    0xFF, 0xFF, 0xFF, 0xFF, 0xFF, 0xFF, 0xFF, 0xFF, 0xFF, 0xFF, 0xFF, 0xFF, 0xFF, 0xFF, 0xFF, 0xFF, 0xFF, 0xFF, 0xFF,
    0xFF, 0xFF, 0xFF, 0xFF, 0xFF, 0xFF, 0xFF, 0xFF, 0xFF, 0xFF, 0xFF, 0xFF, 0xFF, 0xFF, 0xFF, 0xFF, 0xFF, 0xFF, 0xFF,
    0xFF, 0xFF, 0xFF, 0xFF, 0xFF, 0xFF, 0xFF, 0xFF, 0xFF, 0xFF, 0xFF, 0xFF, 0xFF, 0xFF, 0xFF, 0xFF, 0xFF, 0xFF, 0x01,
    0x01, 0x01, 0x66, 0x66, 0x66, 0x64, 0x64, 0x64, 0x64, 0x5F, 0x5F, 0x63, 0x63, 0x63, 0x63, 0x32, 0x32, 0x32, 0x45,
    0x38, 0x65, 0x31, 0x33, 0x31, 0x31, 0x44, 0x42, 0x5C, 0x30, 0x42, 0x4E, 0x46, 0x46, 0x46, 0x35, 0x4B, 0x4C, 0x35,
    0x36, 0x36, 0x35, 0x34, 0x4B, 0x35, 0x35, 0x34, 0x4D, 0x35, 0x35, 0x36, 0x36, 0x46, 0x36, 0x36, 0x46, 0x46, 0x4C,
    0x46, 0x46, 0x42, 0x42, 0x42, 0x42, 0x44, 0x44, 0x31, 0x31, 0x31, 0x31, 0x65, 0x39, 0x38, 0x39, 0x32, 0x32, 0x2C,
    0x63, 0x63, 0x5F, 0x5F, 0x5F, 0x08, 0x64, 0x64, 0x66, 0x66, 0x66, 0x01, 0x01, 0x01, 0x01, 0xFF, 0xFF, 0xFF, 0xFF,
    0xFF, 0xFF, 0xFF, 0xFF, 0xFF, 0xFF, 0xFF, 0xFF, 0xFF, 0xFF, 0xFF, 0xFF, 0xFF, 0xFF, 0xFF, 0xFF, 0xFF, 0xFF, 0xFF,
    0xFF, 0xFF, 0xFF, 0xFF, 0xFF, 0xFF, 0xFF, 0xFF, 0xFF, 0xFF, 0xFF, 0xFF, 0xFF, 0xFF, 0xFF, 0xFF, 0xFF, 0xFF, 0xFF,
    0xFF, 0xFF, 0xFF, 0xFF, 0xFF, 0xFF, 0xFF, 0xFF, 0xFF, 0xFF, 0xFF, 0xFF, 0xFF, 0xFF, 0xFF, 0xFF, 0xFF, 0xFF, 0xFF,
    0x01, 0x01, 0x01, 0x66, 0x66, 0x79, 0x66, 0x64, 0x64, 0x5F, 0x5F, 0x5F, 0x59, 0x63, 0x63, 0x32, 0x60, 0x32, 0x39,
    0x32, 0x2D, 0x33, 0x2D, 0x2D, 0x33, 0x31, 0x42, 0x4E, 0x42, 0x5C, 0x46, 0x46, 0x46, 0x46, 0x46, 0x4E, 0x46, 0x46,
    0x4E, 0x4C, 0x35, 0x4B, 0x36, 0x36, 0x34, 0x35, 0x35, 0x36, 0x35, 0x36, 0x36, 0x36, 0x36, 0x4E, 0x4E, 0x4E, 0x4E,
    0x36, 0x46, 0x46, 0x4E, 0x42, 0x42, 0x31, 0x31, 0x44, 0x31, 0x33, 0x2D, 0x39, 0x39, 0x65, 0x39, 0x32, 0x32, 0x2C,
    0x63, 0x59, 0x5F, 0x5F, 0x5F, 0x64, 0x64, 0x64, 0x79, 0x66, 0x66, 0x01, 0x01, 0x01, 0x01, 0x01, 0xFF, 0xFF, 0xFF,
    0xFF, 0xFF, 0xFF, 0xFF, 0xFF, 0xFF, 0xFF, 0xFF, 0xFF, 0xFF, 0xFF, 0xFF, 0xFF, 0xFF, 0xFF, 0xFF, 0xFF, 0xFF, 0xFF,
    0xFF, 0xFF, 0xFF, 0xFF, 0xFF, 0xFF, 0xFF, 0xFF, 0xFF, 0xFF, 0xFF, 0xFF, 0xFF, 0xFF, 0xFF, 0xFF, 0xFF, 0xFF, 0xFF,
    0xFF, 0xFF, 0xFF, 0xFF, 0xFF, 0xFF, 0xFF, 0xFF, 0xFF, 0xFF, 0xFF, 0xFF, 0xFF, 0xFF, 0xFF, 0xFF, 0xFF, 0xFF, 0x01,
    0x01, 0x01, 0x01, 0x01, 0x66, 0x66, 0x64, 0x64, 0x64, 0x64, 0x64, 0x5F, 0x59, 0x63, 0x63, 0x63, 0x63, 0x63, 0x63,
    0x32, 0x39, 0x38, 0x2D, 0x2D, 0x38, 0x2D, 0x33, 0x33, 0x44, 0x30, 0x5C, 0x5C, 0x30, 0x4E, 0x4E, 0x4E, 0x30, 0x4E,
    0x4C, 0x4C, 0x36, 0x46, 0x46, 0x35, 0x34, 0x35, 0x46, 0x46, 0x4C, 0x4B, 0x35, 0x46, 0x4E, 0x4E, 0x4E, 0x30, 0x30,
    0x4E, 0x4E, 0x4E, 0x42, 0x31, 0x44, 0x31, 0x33, 0x31, 0x33, 0x65, 0x38, 0x39, 0x39, 0x39, 0x32, 0x63, 0x2C, 0x63,
    0x59, 0x5F, 0x5F, 0x5F, 0x64, 0x64, 0x64, 0x64, 0x66, 0x66, 0x01, 0x01, 0x01, 0x01, 0xFF, 0x01, 0xFF, 0xFF, 0xFF,
    0xFF, 0xFF, 0xFF, 0xFF, 0xFF, 0xFF, 0xFF, 0xFF, 0xFF, 0xFF, 0xFF, 0xFF, 0xFF, 0xFF, 0xFF, 0xFF, 0xFF, 0xFF, 0xFF,
    0xFF, 0xFF, 0xFF, 0xFF, 0xFF, 0xFF, 0xFF, 0xFF, 0xFF, 0xFF, 0xFF, 0xFF, 0xFF, 0xFF, 0xFF, 0xFF, 0xFF, 0xFF, 0xFF,
    0xFF, 0xFF, 0xFF, 0xFF, 0xFF, 0xFF, 0xFF, 0xFF, 0xFF, 0xFF, 0xFF, 0xFF, 0xFF, 0xFF, 0xFF, 0xFF, 0xFF, 0xFF, 0xFF,
    0xFF, 0x01, 0x01, 0x01, 0x66, 0x66, 0x66, 0x66, 0x64, 0x64, 0x64, 0x64, 0x5F, 0x5F, 0x59, 0x63, 0x2C, 0x63, 0x60,
    0x2C, 0x5E, 0x5E, 0x39, 0x38, 0x38, 0x2D, 0x2D, 0x2D, 0x31, 0x44, 0x44, 0x4F, 0x44, 0x42, 0x30, 0x4E, 0x46, 0x46,
    0x36, 0x4E, 0x46, 0x46, 0x36, 0x46, 0x46, 0x46, 0x4E, 0x30, 0x4E, 0x4E, 0x42, 0x44, 0x42, 0x44, 0x42, 0x44, 0x4F,
    0x44, 0x44, 0x44, 0x31, 0x33, 0x31, 0x2D, 0x2D, 0x2D, 0x38, 0x39, 0x32, 0x32, 0x32, 0x32, 0x2C, 0x2C, 0x63, 0x59,
    0x5F, 0x5F, 0x5F, 0x64, 0x64, 0x64, 0x64, 0x66, 0x66, 0x01, 0x01, 0x01, 0x01, 0x01, 0x01, 0xFF, 0xFF, 0xFF, 0xFF,
    0xFF, 0xFF, 0xFF, 0xFF, 0xFF, 0xFF, 0xFF, 0xFF, 0xFF, 0xFF, 0xFF, 0xFF, 0xFF, 0xFF, 0xFF, 0xFF, 0xFF, 0xFF, 0xFF,
    0xFF, 0xFF, 0xFF, 0xFF, 0xFF, 0xFF, 0xFF, 0xFF, 0xFF, 0xFF, 0xFF, 0xFF, 0xFF, 0xFF, 0xFF, 0xFF, 0xFF, 0xFF, 0xFF,
    0xFF, 0xFF, 0xFF, 0xFF, 0xFF, 0xFF, 0xFF, 0xFF, 0xFF, 0xFF, 0xFF, 0xFF, 0xFF, 0xFF, 0xFF, 0xFF, 0xFF, 0xFF, 0xFF,
    0x01, 0x01, 0x01, 0x66, 0x01, 0x66, 0x66, 0x66, 0x66, 0x64, 0x64, 0x64, 0x5F, 0x5F, 0x5F, 0x59, 0x59, 0x2C, 0x63,
    0x63, 0x2C, 0x2C, 0x32, 0x39, 0x39, 0x39, 0x2D, 0x31, 0x33, 0x2D, 0x2D, 0x33, 0x31, 0x2D, 0x31, 0x44, 0x42, 0x42,
    0x42, 0x44, 0x42, 0x30, 0x30, 0x42, 0x44, 0x42, 0x44, 0x44, 0x44, 0x30, 0x44, 0x31, 0x4F, 0x4F, 0x44, 0x44, 0x31,
    0x31, 0x2A, 0x31, 0x33, 0x2D, 0x2D, 0x38, 0x39, 0x39, 0x5E, 0x32, 0x5E, 0x32, 0x2C, 0x2C, 0x63, 0x63, 0x63, 0x59,
    0x5F, 0x64, 0x64, 0x64, 0x64, 0x64, 0x79, 0x66, 0x66, 0x01, 0x01, 0x01, 0x01, 0x01, 0xFF, 0xFF, 0xFF, 0xFF, 0xFF,
    0xFF, 0xFF, 0xFF, 0xFF, 0xFF, 0xFF, 0xFF, 0xFF, 0xFF, 0xFF, 0xFF, 0xFF, 0xFF, 0xFF, 0xFF, 0xFF, 0xFF, 0xFF, 0xFF,
    0xFF, 0xFF, 0xFF, 0xFF, 0xFF, 0xFF, 0xFF, 0xFF, 0xFF, 0xFF, 0xFF, 0xFF, 0xFF, 0xFF, 0xFF, 0xFF, 0xFF, 0xFF, 0xFF,
    0xFF, 0xFF, 0xFF, 0xFF, 0xFF, 0xFF, 0xFF, 0xFF, 0xFF, 0xFF, 0xFF, 0xFF, 0xFF, 0xFF, 0xFF, 0xFF, 0xFF, 0xFF, 0xFF,
    0xFF, 0xFF, 0x01, 0x01, 0x01, 0x01, 0x66, 0x66, 0x66, 0x64, 0x64, 0x64, 0x64, 0x64, 0x5F, 0x5F, 0x59, 0x63, 0x59,
    0x63, 0x63, 0x63, 0x63, 0x32, 0x32, 0x39, 0x39, 0x38, 0x65, 0x38, 0x61, 0x2D, 0x2D, 0x2D, 0x31, 0x31, 0x2A, 0x44,
    0x44, 0x31, 0x31, 0x44, 0x44, 0x31, 0x4F, 0x42, 0x44, 0x31, 0x44, 0x42, 0x4F, 0x31, 0x2D, 0x33, 0x2D, 0x2D, 0x2D,
    0x38, 0x2D, 0x2D, 0x39, 0x65, 0x38, 0x65, 0x32, 0x32, 0x32, 0x2C, 0x63, 0x63, 0x63, 0x63, 0x59, 0x5F, 0x5F, 0x5F,
    0x64, 0x64, 0x64, 0x64, 0x79, 0x66, 0x66, 0x66, 0x01, 0x01, 0x01, 0x01, 0xFF, 0xFF, 0xFF, 0xFF, 0xFF, 0xFF, 0xFF,
    0xFF, 0xFF, 0xFF, 0xFF, 0xFF, 0xFF, 0xFF, 0xFF, 0xFF, 0xFF, 0xFF, 0xFF, 0xFF, 0xFF, 0xFF, 0xFF, 0xFF, 0xFF, 0xFF,
    0xFF, 0xFF, 0xFF, 0xFF, 0xFF, 0xFF, 0xFF, 0xFF, 0xFF, 0xFF, 0xFF, 0xFF, 0xFF, 0xFF, 0xFF, 0xFF, 0xFF, 0xFF, 0xFF,
    0xFF, 0xFF, 0xFF, 0xFF, 0xFF, 0xFF, 0xFF, 0xFF, 0xFF, 0xFF, 0xFF, 0xFF, 0xFF, 0xFF, 0xFF, 0xFF, 0xFF, 0xFF, 0xFF,
    0xFF, 0x01, 0x01, 0x01, 0x01, 0x66, 0x66, 0x66, 0x66, 0x66, 0x79, 0x64, 0x64, 0x64, 0x64, 0x5F, 0x5F, 0x59, 0x59,
    0x59, 0x63, 0x63, 0x2C, 0x2C, 0x63, 0x63, 0x32, 0x39, 0x39, 0x38, 0x38, 0x65, 0x38, 0x2D, 0x33, 0x31, 0x2D, 0x31,
    0x31, 0x33, 0x33, 0x31, 0x2D, 0x38, 0x2D, 0x33, 0x2D, 0x31, 0x31, 0x33, 0x2D, 0x2D, 0x2D, 0x38, 0x39, 0x65, 0x38,
    0x65, 0x39, 0x39, 0x32, 0x32, 0x32, 0x32, 0x60, 0x63, 0x63, 0x63, 0x63, 0x59, 0x5F, 0x5F, 0x5F, 0x64, 0x64, 0x64,
    0x64, 0x64, 0x64, 0x66, 0x66, 0x66, 0x66, 0x66, 0x01, 0x01, 0xFF, 0x01, 0xFF, 0xFF, 0xFF, 0xFF, 0xFF, 0xFF, 0xFF,
    0xFF, 0xFF, 0xFF, 0xFF, 0xFF, 0xFF, 0xFF, 0xFF, 0xFF, 0xFF, 0xFF, 0xFF, 0xFF, 0xFF, 0xFF, 0xFF, 0xFF, 0xFF, 0xFF,
    0xFF, 0xFF, 0xFF, 0xFF, 0xFF, 0xFF, 0xFF, 0xFF, 0xFF, 0xFF, 0xFF, 0xFF, 0xFF, 0xFF, 0xFF, 0xFF, 0xFF, 0xFF, 0xFF,
    0xFF, 0xFF, 0xFF, 0xFF, 0xFF, 0xFF, 0xFF, 0xFF, 0xFF, 0xFF, 0xFF, 0xFF, 0xFF, 0xFF, 0xFF, 0xFF, 0xFF, 0xFF, 0xFF,
    0xFF, 0x01, 0x01, 0x01, 0x01, 0x01, 0x01, 0x66, 0x66, 0x66, 0x66, 0x79, 0x64, 0x64, 0x64, 0x64, 0x5F, 0x5F, 0x5F,
    0x5F, 0x59, 0x59, 0x63, 0x63, 0x63, 0x63, 0x63, 0x60, 0x32, 0x5E, 0x39, 0x39, 0x5E, 0x38, 0x38, 0x38, 0x39, 0x39,
    0x65, 0x39, 0x38, 0x65, 0x39, 0x61, 0x38, 0x65, 0x65, 0x2D, 0x38, 0x38, 0x39, 0x39, 0x39, 0x39, 0x39, 0x39, 0x39,
    0x32, 0x60, 0x2C, 0x63, 0x63, 0x63, 0x2C, 0x63, 0x63, 0x59, 0x63, 0x63, 0x59, 0x5F, 0x64, 0x64, 0x64, 0x64, 0x64,
    0x64, 0x66, 0x66, 0x66, 0x66, 0x01, 0x01, 0x01, 0x01, 0x01, 0xFF, 0xFF, 0xFF, 0xFF, 0xFF, 0xFF, 0xFF, 0xFF, 0xFF,
    0xFF, 0xFF, 0xFF, 0xFF, 0xFF, 0xFF, 0xFF, 0xFF, 0xFF, 0xFF, 0xFF, 0xFF, 0xFF, 0xFF, 0xFF, 0xFF, 0xFF, 0xFF, 0xFF,
    0xFF, 0xFF, 0xFF, 0xFF, 0xFF, 0xFF, 0xFF, 0xFF, 0xFF, 0xFF, 0xFF, 0xFF, 0xFF, 0xFF, 0xFF, 0xFF, 0xFF, 0xFF, 0xFF,
    0xFF, 0xFF, 0xFF, 0xFF, 0xFF, 0xFF, 0xFF, 0xFF, 0xFF, 0xFF, 0xFF, 0xFF, 0xFF, 0xFF, 0xFF, 0xFF, 0xFF, 0xFF, 0xFF,
    0xFF, 0xFF, 0xFF, 0x01, 0x01, 0x01, 0x01, 0x66, 0x01, 0x66, 0x66, 0x66, 0x64, 0x66, 0x64, 0x64, 0x64, 0x64, 0x64,
    0x5F, 0x5F, 0x5F, 0x59, 0x59, 0x63, 0x63, 0x63, 0x63, 0x63, 0x2C, 0x32, 0x2C, 0x32, 0x32, 0x32, 0x32, 0x32, 0x32,
    0x32, 0x5E, 0x39, 0x32, 0x39, 0x39, 0x39, 0x39, 0x39, 0x39, 0x39, 0x5E, 0x32, 0x32, 0x60, 0x60, 0x60, 0x32, 0x2C,
    0x2C, 0x2C, 0x2C, 0x63, 0x63, 0x59, 0x63, 0x63, 0x59, 0x5F, 0x5F, 0x5F, 0x5F, 0x64, 0x64, 0x64, 0x64, 0x64, 0x64,
    0x66, 0x66, 0x66, 0x66, 0x66, 0x01, 0x01, 0x01, 0x01, 0xFF, 0xFF, 0xFF, 0xFF, 0xFF, 0xFF, 0xFF, 0xFF, 0xFF, 0xFF,
    0xFF, 0xFF, 0xFF, 0xFF, 0xFF, 0xFF, 0xFF, 0xFF, 0xFF, 0xFF, 0xFF, 0xFF, 0xFF, 0xFF, 0xFF, 0xFF, 0xFF, 0xFF, 0xFF,
    0xFF, 0xFF, 0xFF, 0xFF, 0xFF, 0xFF, 0xFF, 0xFF, 0xFF, 0xFF, 0xFF, 0xFF, 0xFF, 0xFF, 0xFF, 0xFF, 0xFF, 0xFF, 0xFF,
    0xFF, 0xFF, 0xFF, 0xFF, 0xFF, 0xFF, 0xFF, 0xFF, 0xFF, 0xFF, 0xFF, 0xFF, 0xFF, 0xFF, 0xFF, 0xFF, 0xFF, 0xFF, 0xFF,
    0xFF, 0xFF, 0xFF, 0x01, 0x01, 0x01, 0x01, 0x01, 0x01, 0x01, 0x66, 0x66, 0x66, 0x66, 0x66, 0x64, 0x64, 0x64, 0x64,
    0x64, 0x64, 0x5F, 0x5F, 0x5F, 0x5F, 0x59, 0x59, 0x63, 0x63, 0x63, 0x63, 0x63, 0x63, 0x63, 0x2C, 0x60, 0x32, 0x60,
    0x2C, 0x32, 0x60, 0x32, 0x32, 0x32, 0x5E, 0x32, 0x32, 0x32, 0x60, 0x63, 0x2C, 0x63, 0x63, 0x2C, 0x2C, 0x63, 0x63,
    0x63, 0x63, 0x63, 0x59, 0x59, 0x5F, 0x5F, 0x5F, 0x5F, 0x5F, 0x64, 0x64, 0x64, 0x64, 0x64, 0x64, 0x64, 0x79, 0x66,
    0x66, 0x66, 0x01, 0x01, 0x01, 0x01, 0xFF, 0x01, 0x01, 0xFF, 0xFF, 0xFF, 0xFF, 0xFF, 0xFF, 0xFF, 0xFF, 0xFF, 0xFF,
    0xFF, 0xFF, 0xFF, 0xFF, 0xFF, 0xFF, 0xFF, 0xFF, 0xFF, 0xFF, 0xFF, 0xFF, 0xFF, 0xFF, 0xFF, 0xFF, 0xFF, 0xFF, 0xFF,
    0xFF, 0xFF, 0xFF, 0xFF, 0xFF, 0xFF, 0xFF, 0xFF, 0xFF, 0xFF, 0xFF, 0xFF, 0xFF, 0xFF, 0xFF, 0xFF, 0xFF, 0xFF, 0xFF,
    0xFF, 0xFF, 0xFF, 0xFF, 0xFF, 0xFF, 0xFF, 0xFF, 0xFF, 0xFF, 0xFF, 0xFF, 0xFF, 0xFF, 0xFF, 0xFF, 0xFF, 0xFF, 0xFF,
    0xFF, 0xFF, 0xFF, 0x01, 0xFF, 0x01, 0x01, 0x01, 0x01, 0x01, 0x66, 0x66, 0x66, 0x66, 0x66, 0x66, 0x66, 0x79, 0x64,
    0x64, 0x64, 0x64, 0x08, 0x64, 0x5F, 0x5F, 0x5F, 0x5F, 0x5F, 0x5F, 0x59, 0x59, 0x59, 0x63, 0x63, 0x63, 0x63, 0x63,
    0x63, 0x63, 0x63, 0x63, 0x63, 0x63, 0x2C, 0x63, 0x63, 0x63, 0x63, 0x63, 0x63, 0x59, 0x59, 0x63, 0x63, 0x63, 0x59,
    0x63, 0x59, 0x5F, 0x5F, 0x5F, 0x5F, 0x5F, 0x64, 0x64, 0x64, 0x64, 0x64, 0x64, 0x66, 0x66, 0x66, 0x66, 0x66, 0x66,
    0x66, 0x66, 0x01, 0x01, 0x01, 0x01, 0x01, 0xFF, 0xFF, 0xFF, 0xFF, 0xFF, 0xFF, 0xFF, 0xFF, 0xFF, 0xFF, 0xFF, 0xFF,
    0xFF, 0xFF, 0xFF, 0xFF, 0xFF, 0xFF, 0xFF, 0xFF, 0xFF, 0xFF, 0xFF, 0xFF, 0xFF, 0xFF, 0xFF, 0xFF, 0xFF, 0xFF, 0xFF,
    0xFF, 0xFF, 0xFF, 0xFF, 0xFF, 0xFF, 0xFF, 0xFF, 0xFF, 0xFF, 0xFF, 0xFF, 0xFF, 0xFF, 0xFF, 0xFF, 0xFF, 0xFF, 0xFF,
    0xFF, 0xFF, 0xFF, 0xFF, 0xFF, 0xFF, 0xFF, 0xFF, 0xFF, 0xFF, 0xFF, 0xFF, 0xFF, 0xFF, 0xFF, 0xFF, 0xFF, 0xFF, 0xFF,
    0xFF, 0xFF, 0xFF, 0xFF, 0xFF, 0xFF, 0x01, 0x01, 0x01, 0x01, 0x01, 0x01, 0x01, 0x66, 0x66, 0x66, 0x66, 0x66, 0x64,
    0x64, 0x64, 0x64, 0x64, 0x64, 0x64, 0x64, 0x64, 0x5F, 0x64, 0x5F, 0x5F, 0x5F, 0x5F, 0x5F, 0x5F, 0x59, 0x59, 0x59,
    0x59, 0x5F, 0x5F, 0x5F, 0x59, 0x59, 0x59, 0x59, 0x5F, 0x59, 0x59, 0x59, 0x5F, 0x5F, 0x5F, 0x5F, 0x5F, 0x5F, 0x5F,
    0x5F, 0x64, 0x64, 0x64, 0x08, 0x64, 0x64, 0x64, 0x64, 0x64, 0x66, 0x79, 0x66, 0x66, 0x66, 0x66, 0x66, 0x01, 0x01,
    0x01, 0x01, 0x01, 0x01, 0x01, 0x01, 0xFF, 0xFF, 0xFF, 0xFF, 0xFF, 0xFF, 0xFF, 0xFF, 0xFF, 0xFF, 0xFF, 0xFF, 0xFF,
    0xFF, 0xFF, 0xFF, 0xFF, 0xFF, 0xFF, 0xFF, 0xFF, 0xFF, 0xFF, 0xFF, 0xFF, 0xFF, 0xFF, 0xFF, 0xFF, 0xFF, 0xFF, 0xFF,
    0xFF, 0xFF, 0xFF, 0xFF, 0xFF, 0xFF, 0xFF, 0xFF, 0xFF, 0xFF, 0xFF, 0xFF, 0xFF, 0xFF, 0xFF, 0xFF, 0xFF, 0xFF, 0xFF,
    0xFF, 0xFF, 0xFF, 0xFF, 0xFF, 0xFF, 0xFF, 0xFF, 0xFF, 0xFF, 0xFF, 0xFF, 0xFF, 0xFF, 0xFF, 0xFF, 0xFF, 0xFF, 0xFF,
    0xFF, 0xFF, 0xFF, 0xFF, 0xFF, 0x01, 0x01, 0x01, 0x01, 0x01, 0x01, 0x01, 0x01, 0x66, 0x66, 0x66, 0x66, 0x66, 0x66,
    0x66, 0x66, 0x79, 0x64, 0x64, 0x64, 0x64, 0x64, 0x64, 0x64, 0x64, 0x64, 0x64, 0x5F, 0x64, 0x5F, 0x5F, 0x5F, 0x5F,
    0x5F, 0x5F, 0x64, 0x5F, 0x5F, 0x5F, 0x5F, 0x5F, 0x5F, 0x5F, 0x5F, 0x5F, 0x5F, 0x5F, 0x64, 0x64, 0x08, 0x64, 0x64,
    0x64, 0x64, 0x64, 0x64, 0x64, 0x64, 0x64, 0x64, 0x66, 0x66, 0x66, 0x66, 0x66, 0x66, 0x01, 0x01, 0x01, 0x01, 0x01,
    0x01, 0x01, 0x01, 0x01, 0xFF, 0xFF, 0xFF, 0xFF, 0xFF, 0xFF, 0xFF, 0xFF, 0xFF, 0xFF, 0xFF, 0xFF, 0xFF, 0xFF, 0xFF,
    0xFF, 0xFF, 0xFF, 0xFF, 0xFF, 0xFF, 0xFF, 0xFF, 0xFF, 0xFF, 0xFF, 0xFF, 0xFF, 0xFF, 0xFF, 0xFF, 0xFF, 0xFF, 0xFF,
    0xFF, 0xFF, 0xFF, 0xFF, 0xFF, 0xFF, 0xFF, 0xFF, 0xFF, 0xFF, 0xFF, 0xFF, 0xFF, 0xFF, 0xFF, 0xFF, 0xFF, 0xFF, 0xFF,
    0xFF, 0xFF, 0xFF, 0xFF, 0xFF, 0xFF, 0xFF, 0xFF, 0xFF, 0xFF, 0xFF, 0xFF, 0xFF, 0xFF, 0xFF, 0xFF, 0xFF, 0xFF, 0xFF,
    0xFF, 0xFF, 0xFF, 0xFF, 0xFF, 0xFF, 0x01, 0x01, 0x01, 0x01, 0x01, 0x01, 0x01, 0x01, 0x01, 0x01, 0x66, 0x66, 0x01,
    0x66, 0x66, 0x79, 0x79, 0x79, 0x64, 0x64, 0x64, 0x64, 0x64, 0x64, 0x64, 0x64, 0x64, 0x64, 0x64, 0x64, 0x64, 0x64,
    0x64, 0x64, 0x64, 0x64, 0x64, 0x64, 0x64, 0x64, 0x64, 0x64, 0x64, 0x64, 0x64, 0x64, 0x64, 0x64, 0x64, 0x64, 0x64,
    0x64, 0x64, 0x66, 0x66, 0x66, 0x66, 0x66, 0x66, 0x66, 0x66, 0x66, 0x01, 0x01, 0x01, 0x01, 0x01, 0x01, 0x01, 0x01,
    0x01, 0xFF, 0xFF, 0xFF, 0xFF, 0xFF, 0xFF, 0xFF, 0xFF, 0xFF, 0xFF, 0xFF, 0xFF, 0xFF, 0xFF, 0xFF, 0xFF, 0xFF, 0xFF,
    0xFF, 0xFF, 0xFF, 0xFF, 0xFF, 0xFF, 0xFF, 0xFF, 0xFF, 0xFF, 0xFF, 0xFF, 0xFF, 0xFF, 0xFF, 0xFF, 0xFF, 0xFF, 0xFF,
    0xFF, 0xFF, 0xFF, 0xFF, 0xFF, 0xFF, 0xFF, 0xFF, 0xFF, 0xFF, 0xFF, 0xFF, 0xFF, 0xFF, 0xFF, 0xFF, 0xFF, 0xFF, 0xFF,
    0xFF, 0xFF, 0xFF, 0xFF, 0xFF, 0xFF, 0xFF, 0xFF, 0xFF, 0xFF, 0xFF, 0xFF, 0xFF, 0xFF, 0xFF, 0xFF, 0xFF, 0xFF, 0xFF,
    0xFF, 0xFF, 0xFF, 0xFF, 0xFF, 0xFF, 0x01, 0x01, 0xFF, 0x01, 0x01, 0x01, 0x01, 0x01, 0x01, 0x01, 0x01, 0x01, 0x66,
    0x66, 0x66, 0x66, 0x66, 0x66, 0x66, 0x79, 0x66, 0x66, 0x66, 0x79, 0x64, 0x64, 0x64, 0x64, 0x64, 0x64, 0x64, 0x64,
    0x64, 0x64, 0x64, 0x64, 0x66, 0x64, 0x64, 0x64, 0x64, 0x64, 0x64, 0x64, 0x64, 0x64, 0x64, 0x66, 0x66, 0x66, 0x66,
    0x66, 0x66, 0x66, 0x66, 0x66, 0x66, 0x66, 0x66, 0x01, 0x01, 0x01, 0x01, 0x01, 0x01, 0x01, 0x01, 0x01, 0x01, 0x01,
    0xFF, 0xFF, 0xFF, 0xFF, 0xFF, 0xFF, 0xFF, 0xFF, 0xFF, 0xFF, 0xFF, 0xFF, 0xFF, 0xFF, 0xFF, 0xFF, 0xFF, 0xFF, 0xFF,
    0xFF, 0xFF, 0xFF, 0xFF, 0xFF, 0xFF, 0xFF, 0xFF, 0xFF, 0xFF, 0xFF, 0xFF, 0xFF, 0xFF, 0xFF, 0xFF, 0xFF, 0xFF, 0xFF,
    0xFF, 0xFF, 0xFF, 0xFF, 0xFF, 0xFF, 0xFF, 0xFF, 0xFF, 0xFF, 0xFF, 0xFF, 0xFF, 0xFF, 0xFF, 0xFF, 0xFF, 0xFF, 0xFF,
    0xFF, 0xFF, 0xFF, 0xFF, 0xFF, 0xFF, 0xFF, 0xFF, 0xFF, 0xFF, 0xFF, 0xFF, 0xFF, 0xFF, 0xFF, 0xFF, 0xFF, 0xFF, 0xFF,
    0xFF, 0xFF, 0xFF, 0xFF, 0xFF, 0xFF, 0xFF, 0xFF, 0x01, 0x01, 0xFF, 0xFF, 0x01, 0x01, 0x01, 0x01, 0x01, 0x01, 0x01,
    0x01, 0x01, 0x01, 0x01, 0x01, 0x66, 0x66, 0x66, 0x66, 0x66, 0x66, 0x66, 0x66, 0x64, 0x64, 0x66, 0x66, 0x66, 0x66,
    0x66, 0x66, 0x66, 0x66, 0x66, 0x66, 0x64, 0x66, 0x66, 0x66, 0x66, 0x66, 0x66, 0x66, 0x66, 0x66, 0x66, 0x66, 0x66,
    0x01, 0x66, 0x66, 0x66, 0x66, 0x66, 0x01, 0x01, 0x01, 0x01, 0x01, 0x01, 0x01, 0x01, 0x01, 0x01, 0x01, 0x01, 0xFF,
    0xFF, 0xFF, 0xFF, 0xFF, 0xFF, 0xFF, 0xFF, 0xFF, 0xFF, 0xFF, 0xFF, 0xFF, 0xFF, 0xFF, 0xFF, 0xFF, 0xFF, 0xFF, 0xFF,
    0xFF, 0xFF, 0xFF, 0xFF, 0xFF, 0xFF, 0xFF, 0xFF, 0xFF, 0xFF, 0xFF, 0xFF, 0xFF, 0xFF, 0xFF, 0xFF, 0xFF, 0xFF, 0xFF,
    0xFF, 0xFF, 0xFF, 0xFF, 0xFF, 0xFF, 0xFF, 0xFF, 0xFF, 0xFF, 0xFF, 0xFF, 0xFF, 0xFF, 0xFF, 0xFF, 0xFF, 0xFF, 0xFF,
    0xFF, 0xFF, 0xFF, 0xFF, 0xFF, 0xFF, 0xFF, 0xFF, 0xFF, 0xFF, 0xFF, 0xFF, 0xFF, 0xFF, 0xFF, 0xFF, 0xFF, 0xFF, 0xFF,
    0xFF, 0xFF, 0xFF, 0xFF, 0xFF, 0xFF, 0xFF, 0xFF, 0xFF, 0xFF, 0xFF, 0xFF, 0xFF, 0xFF, 0x01, 0x01, 0x01, 0x01, 0x01,
    0x01, 0x01, 0x01, 0x01, 0x01, 0x01, 0x01, 0x01, 0x66, 0x01, 0x66, 0x66, 0x66, 0x66, 0x66, 0x66, 0x66, 0x66, 0x66,
    0x66, 0x66, 0x66, 0x66, 0x66, 0x66, 0x66, 0x66, 0x66, 0x66, 0x66, 0x66, 0x66, 0x66, 0x66, 0x66, 0x66, 0x66, 0x01,
    0x01, 0x01, 0x66, 0x01, 0x01, 0x01, 0x01, 0x01, 0x01, 0x01, 0x01, 0x01, 0x01, 0x01, 0xFF, 0xFF, 0xFF, 0xFF, 0xFF,
    0xFF, 0xFF, 0xFF, 0xFF, 0xFF, 0xFF, 0xFF, 0xFF, 0xFF, 0xFF, 0xFF, 0xFF, 0xFF, 0xFF, 0xFF, 0xFF, 0xFF, 0xFF, 0xFF,
    0xFF, 0xFF, 0xFF, 0xFF, 0xFF, 0xFF, 0xFF, 0xFF, 0xFF, 0xFF, 0xFF, 0xFF, 0xFF, 0xFF, 0xFF, 0xFF, 0xFF, 0xFF, 0xFF,
    0xFF, 0xFF, 0xFF, 0xFF, 0xFF, 0xFF, 0xFF, 0xFF, 0xFF, 0xFF, 0xFF, 0xFF, 0xFF, 0xFF, 0xFF, 0xFF, 0xFF, 0xFF, 0xFF,
    0xFF, 0xFF, 0xFF, 0xFF, 0xFF, 0xFF, 0xFF, 0xFF, 0xFF, 0xFF, 0xFF, 0xFF, 0xFF, 0xFF, 0xFF, 0xFF, 0xFF, 0xFF, 0xFF,
    0xFF, 0xFF, 0xFF, 0xFF, 0xFF, 0xFF, 0xFF, 0xFF, 0xFF, 0xFF, 0xFF, 0xFF, 0xFF, 0xFF, 0xFF, 0x01, 0x01, 0x01, 0x01,
    0x01, 0x01, 0x01, 0x01, 0x01, 0x01, 0x01, 0x01, 0x01, 0x01, 0x01, 0x01, 0x01, 0x01, 0x66, 0x01, 0x01, 0x01, 0x01,
    0x66, 0x66, 0x66, 0x66, 0x66, 0x66, 0x01, 0x01, 0x66, 0x01, 0x01, 0x01, 0x01, 0x01, 0x66, 0x01, 0x01, 0x01, 0x01,
    0x01, 0x01, 0x01, 0x01, 0x01, 0x01, 0x01, 0x01, 0x01, 0x01, 0x01, 0x01, 0x01, 0xFF, 0xFF, 0xFF, 0xFF, 0xFF, 0xFF,
    0xFF, 0xFF, 0xFF, 0xFF, 0xFF, 0xFF, 0xFF, 0xFF, 0xFF, 0xFF, 0xFF, 0xFF, 0xFF, 0xFF, 0xFF, 0xFF, 0xFF, 0xFF, 0xFF,
    0xFF, 0xFF, 0xFF, 0xFF, 0xFF, 0xFF, 0xFF, 0xFF, 0xFF, 0xFF, 0xFF, 0xFF, 0xFF, 0xFF, 0xFF, 0xFF, 0xFF, 0xFF, 0xFF,
    0xFF, 0xFF, 0xFF, 0xFF, 0xFF, 0xFF, 0xFF, 0xFF, 0xFF, 0xFF, 0xFF, 0xFF, 0xFF, 0xFF, 0xFF, 0xFF, 0xFF, 0xFF, 0xFF,
    0xFF, 0xFF, 0xFF, 0xFF, 0xFF, 0xFF, 0xFF, 0xFF, 0xFF, 0xFF, 0xFF, 0xFF, 0xFF, 0xFF, 0xFF, 0xFF, 0xFF, 0xFF, 0xFF,
    0xFF, 0xFF, 0xFF, 0xFF, 0xFF, 0xFF, 0xFF, 0xFF, 0xFF, 0xFF, 0xFF, 0xFF, 0xFF, 0xFF, 0xFF, 0xFF, 0xFF, 0xFF, 0xFF,
    0x01, 0x01, 0x01, 0x01, 0x01, 0x01, 0x01, 0x01, 0x01, 0x01, 0x01, 0x01, 0x01, 0x01, 0x01, 0x01, 0x01, 0x01, 0x01,
    0x01, 0x01, 0x01, 0x01, 0x01, 0x01, 0x01, 0x01, 0x01, 0x01, 0x01, 0x01, 0x01, 0x01, 0x01, 0x01, 0x01, 0x01, 0x01,
    0x01, 0x01, 0x01, 0x01, 0x01, 0x01, 0x01, 0x01, 0x01, 0xFF, 0xFF, 0xFF, 0xFF, 0xFF, 0xFF, 0xFF, 0xFF, 0xFF, 0xFF,
    0xFF, 0xFF, 0xFF, 0xFF, 0xFF, 0xFF, 0xFF, 0xFF, 0xFF, 0xFF, 0xFF, 0xFF, 0xFF, 0xFF, 0xFF, 0xFF, 0xFF, 0xFF, 0xFF,
    0xFF, 0xFF, 0xFF, 0xFF, 0xFF, 0xFF, 0xFF, 0xFF, 0xFF, 0xFF, 0xFF, 0xFF, 0xFF, 0xFF, 0xFF, 0xFF, 0xFF, 0xFF, 0xFF,
    0xFF, 0xFF, 0xFF, 0xFF, 0xFF, 0xFF, 0xFF, 0xFF, 0xFF, 0xFF, 0xFF, 0xFF, 0xFF, 0xFF, 0xFF, 0xFF, 0xFF, 0xFF, 0xFF,
    0xFF, 0xFF, 0xFF, 0xFF, 0xFF, 0xFF, 0xFF, 0xFF, 0xFF, 0xFF, 0xFF, 0xFF, 0xFF, 0xFF, 0xFF, 0xFF, 0xFF, 0xFF, 0xFF,
    0xFF, 0xFF, 0xFF, 0xFF, 0xFF, 0xFF, 0xFF, 0xFF, 0xFF, 0xFF, 0xFF, 0xFF, 0xFF, 0xFF, 0xFF, 0xFF, 0xFF, 0xFF, 0xFF,
    0xFF, 0x01, 0xFF, 0xFF, 0xFF, 0x01, 0x01, 0x01, 0x01, 0x01, 0x01, 0x01, 0x01, 0x01, 0x01, 0x01, 0x01, 0x01, 0x01,
    0x01, 0x01, 0x01, 0x01, 0x01, 0x01, 0x01, 0x01, 0x01, 0x01, 0x01, 0x01, 0x01, 0x01, 0x01, 0x01, 0x01, 0x01, 0x01,
    0x01, 0x01, 0x01, 0xFF, 0x01, 0x01, 0xFF, 0xFF, 0xFF, 0xFF, 0xFF, 0xFF, 0xFF, 0xFF, 0xFF, 0xFF, 0xFF, 0xFF, 0xFF,
    0xFF, 0xFF, 0xFF, 0xFF, 0xFF, 0xFF, 0xFF, 0xFF, 0xFF, 0xFF, 0xFF, 0xFF, 0xFF, 0xFF, 0xFF, 0xFF, 0xFF, 0x00, 0x00,
    0x00,
};
